Year,Month,Corporate Entity,Pipeline Name,Key Point,Latitude,Longitude,Direction of Flow,Trade Type,Product,Throughput 1000m3/day,Capacity (1000 m3/d),Reason for variance from nameplate capacity
2010,7,TransCanada Keystone Pipeline GP Ltd.,Keystone Pipeline System,"International boundary at or near Haskett, Manitoba",48.998912,-97.957657,South,export,domestic light,3,18.11360935,NEB/Regulatory Directive
2010,7,TransCanada Keystone Pipeline GP Ltd.,Keystone Pipeline System,"International boundary at or near Haskett, Manitoba",48.998912,-97.957657,South,export,domestic heavy,15,18.11360935,NEB/Regulatory Directive
2010,8,TransCanada Keystone Pipeline GP Ltd.,Keystone Pipeline System,"International boundary at or near Haskett, Manitoba",48.998912,-97.957657,South,export,domestic light,0,15.12937223,NEB/Regulatory Directive
2010,8,TransCanada Keystone Pipeline GP Ltd.,Keystone Pipeline System,"International boundary at or near Haskett, Manitoba",48.998912,-97.957657,South,export,domestic heavy,15,15.12937223,NEB/Regulatory Directive
2010,9,TransCanada Keystone Pipeline GP Ltd.,Keystone Pipeline System,"International boundary at or near Haskett, Manitoba",48.998912,-97.957657,South,export,domestic light,0,41.49568378,NEB/Regulatory Directive
2010,9,TransCanada Keystone Pipeline GP Ltd.,Keystone Pipeline System,"International boundary at or near Haskett, Manitoba",48.998912,-97.957657,South,export,domestic heavy,25,41.49568378,NEB/Regulatory Directive
2010,10,TransCanada Keystone Pipeline GP Ltd.,Keystone Pipeline System,"International boundary at or near Haskett, Manitoba",48.998912,-97.957657,South,export,domestic light,3,39.42884896,NEB/Regulatory Directive
2010,10,TransCanada Keystone Pipeline GP Ltd.,Keystone Pipeline System,"International boundary at or near Haskett, Manitoba",48.998912,-97.957657,South,export,domestic heavy,21,39.42884896,NEB/Regulatory Directive
2010,11,TransCanada Keystone Pipeline GP Ltd.,Keystone Pipeline System,"International boundary at or near Haskett, Manitoba",48.998912,-97.957657,South,export,domestic light,9,43.88049319,NEB/Regulatory Directive
2010,11,TransCanada Keystone Pipeline GP Ltd.,Keystone Pipeline System,"International boundary at or near Haskett, Manitoba",48.998912,-97.957657,South,export,domestic heavy,21,43.88049319,NEB/Regulatory Directive
2010,12,TransCanada Keystone Pipeline GP Ltd.,Keystone Pipeline System,"International boundary at or near Haskett, Manitoba",48.998912,-97.957657,South,export,domestic light,9,35.6131539,NEB/Regulatory Directive
2010,12,TransCanada Keystone Pipeline GP Ltd.,Keystone Pipeline System,"International boundary at or near Haskett, Manitoba",48.998912,-97.957657,South,export,domestic heavy,26,35.6131539,NEB/Regulatory Directive
2011,1,TransCanada Keystone Pipeline GP Ltd.,Keystone Pipeline System,"International boundary at or near Haskett, Manitoba",48.998912,-97.957657,South,export,domestic light,11,45.01293929,Downstream Restrictions
2011,1,TransCanada Keystone Pipeline GP Ltd.,Keystone Pipeline System,"International boundary at or near Haskett, Manitoba",48.998912,-97.957657,South,export,domestic heavy,34,45.01293929,Downstream Restrictions
2011,2,TransCanada Keystone Pipeline GP Ltd.,Keystone Pipeline System,"International boundary at or near Haskett, Manitoba",48.998912,-97.957657,South,export,domestic light,16,67.79217857,Downstream Restrictions
2011,2,TransCanada Keystone Pipeline GP Ltd.,Keystone Pipeline System,"International boundary at or near Haskett, Manitoba",48.998912,-97.957657,South,export,domestic heavy,42,67.79217857,Downstream Restrictions
2011,3,TransCanada Keystone Pipeline GP Ltd.,Keystone Pipeline System,"International boundary at or near Haskett, Manitoba",48.998912,-97.957657,South,export,domestic light,11,74.40605368,Downstream Restrictions
2011,3,TransCanada Keystone Pipeline GP Ltd.,Keystone Pipeline System,"International boundary at or near Haskett, Manitoba",48.998912,-97.957657,South,export,domestic heavy,51,74.40605368,Downstream Restrictions
2011,4,TransCanada Keystone Pipeline GP Ltd.,Keystone Pipeline System,"International boundary at or near Haskett, Manitoba",48.998912,-97.957657,South,export,domestic light,6,72.18023156,Downstream Restrictions
2011,4,TransCanada Keystone Pipeline GP Ltd.,Keystone Pipeline System,"International boundary at or near Haskett, Manitoba",48.998912,-97.957657,South,export,domestic heavy,54,72.18023156,Downstream Restrictions
2011,5,TransCanada Keystone Pipeline GP Ltd.,Keystone Pipeline System,"International boundary at or near Haskett, Manitoba",48.998912,-97.957657,South,export,domestic light,6,73.92909179,"Downstream Restrictions, Curtailment/Interruption"
2011,5,TransCanada Keystone Pipeline GP Ltd.,Keystone Pipeline System,"International boundary at or near Haskett, Manitoba",48.998912,-97.957657,South,export,domestic heavy,44,73.92909179,"Downstream Restrictions, Curtailment/Interruption"
2011,6,TransCanada Keystone Pipeline GP Ltd.,Keystone Pipeline System,"International boundary at or near Haskett, Manitoba",48.998912,-97.957657,South,export,domestic light,10,68.04656191,"Downstream Restrictions, Curtailment/Interruption"
2011,6,TransCanada Keystone Pipeline GP Ltd.,Keystone Pipeline System,"International boundary at or near Haskett, Manitoba",48.998912,-97.957657,South,export,domestic heavy,42,68.04656191,"Downstream Restrictions, Curtailment/Interruption"
2011,7,TransCanada Keystone Pipeline GP Ltd.,Keystone Pipeline System,"International boundary at or near Haskett, Manitoba",48.998912,-97.957657,South,export,domestic light,17,66.13871438,"Downstream Restrictions, Curtailment/Interruption"
2011,7,TransCanada Keystone Pipeline GP Ltd.,Keystone Pipeline System,"International boundary at or near Haskett, Manitoba",48.998912,-97.957657,South,export,domestic heavy,48,66.13871438,"Downstream Restrictions, Curtailment/Interruption"
2011,8,TransCanada Keystone Pipeline GP Ltd.,Keystone Pipeline System,"International boundary at or near Haskett, Manitoba",48.998912,-97.957657,South,export,domestic light,14,62.9589685,"Downstream Restrictions, Curtailment/Interruption"
2011,8,TransCanada Keystone Pipeline GP Ltd.,Keystone Pipeline System,"International boundary at or near Haskett, Manitoba",48.998912,-97.957657,South,export,domestic heavy,48,62.9589685,"Downstream Restrictions, Curtailment/Interruption"
2011,9,TransCanada Keystone Pipeline GP Ltd.,Keystone Pipeline System,"International boundary at or near Haskett, Manitoba",48.998912,-97.957657,South,export,domestic light,29,77.26782497,Downstream Restrictions
2011,9,TransCanada Keystone Pipeline GP Ltd.,Keystone Pipeline System,"International boundary at or near Haskett, Manitoba",48.998912,-97.957657,South,export,domestic heavy,48,77.26782497,Downstream Restrictions
2011,10,TransCanada Keystone Pipeline GP Ltd.,Keystone Pipeline System,"International boundary at or near Haskett, Manitoba",48.998912,-97.957657,South,export,domestic light,29,79.97060897,Downstream Restrictions
2011,10,TransCanada Keystone Pipeline GP Ltd.,Keystone Pipeline System,"International boundary at or near Haskett, Manitoba",48.998912,-97.957657,South,export,domestic heavy,42,79.97060897,Downstream Restrictions
2011,11,TransCanada Keystone Pipeline GP Ltd.,Keystone Pipeline System,"International boundary at or near Haskett, Manitoba",48.998912,-97.957657,South,export,domestic light,29,82.27842797,Downstream Restrictions
2011,11,TransCanada Keystone Pipeline GP Ltd.,Keystone Pipeline System,"International boundary at or near Haskett, Manitoba",48.998912,-97.957657,South,export,domestic heavy,53,82.27842797,Downstream Restrictions
2011,12,TransCanada Keystone Pipeline GP Ltd.,Keystone Pipeline System,"International boundary at or near Haskett, Manitoba",48.998912,-97.957657,South,export,domestic light,24,80.59673097,Downstream Restrictions
2011,12,TransCanada Keystone Pipeline GP Ltd.,Keystone Pipeline System,"International boundary at or near Haskett, Manitoba",48.998912,-97.957657,South,export,domestic heavy,56,80.59673097,Downstream Restrictions
2012,1,TransCanada Keystone Pipeline GP Ltd.,Keystone Pipeline System,"International boundary at or near Haskett, Manitoba",48.998912,-97.957657,South,export,domestic light,23,85.069461,Downstream Restrictions
2012,1,TransCanada Keystone Pipeline GP Ltd.,Keystone Pipeline System,"International boundary at or near Haskett, Manitoba",48.998912,-97.957657,South,export,domestic heavy,62,85.069461,Downstream Restrictions
2012,2,TransCanada Keystone Pipeline GP Ltd.,Keystone Pipeline System,"International boundary at or near Haskett, Manitoba",48.998912,-97.957657,South,export,domestic light,19,86.544,Downstream Restrictions
2012,2,TransCanada Keystone Pipeline GP Ltd.,Keystone Pipeline System,"International boundary at or near Haskett, Manitoba",48.998912,-97.957657,South,export,domestic heavy,65,86.544,Downstream Restrictions
2012,3,TransCanada Keystone Pipeline GP Ltd.,Keystone Pipeline System,"International boundary at or near Haskett, Manitoba",48.998912,-97.957657,South,export,domestic light,23,85.55635529,"Downstream Restrictions, Force Majeure"
2012,3,TransCanada Keystone Pipeline GP Ltd.,Keystone Pipeline System,"International boundary at or near Haskett, Manitoba",48.998912,-97.957657,South,export,domestic heavy,62,85.55635529,"Downstream Restrictions, Force Majeure"
2012,4,TransCanada Keystone Pipeline GP Ltd.,Keystone Pipeline System,"International boundary at or near Haskett, Manitoba",48.998912,-97.957657,South,export,domestic light,17,79.05693763,Downstream Restrictions
2012,4,TransCanada Keystone Pipeline GP Ltd.,Keystone Pipeline System,"International boundary at or near Haskett, Manitoba",48.998912,-97.957657,South,export,domestic heavy,62,79.05693763,Downstream Restrictions
2012,5,TransCanada Keystone Pipeline GP Ltd.,Keystone Pipeline System,"International boundary at or near Haskett, Manitoba",48.998912,-97.957657,South,export,domestic light,17,84.312,Downstream Restrictions
2012,5,TransCanada Keystone Pipeline GP Ltd.,Keystone Pipeline System,"International boundary at or near Haskett, Manitoba",48.998912,-97.957657,South,export,domestic heavy,66,84.312,Downstream Restrictions
2012,6,TransCanada Keystone Pipeline GP Ltd.,Keystone Pipeline System,"International boundary at or near Haskett, Manitoba",48.998912,-97.957657,South,export,domestic light,18,85.32,Downstream Restrictions
2012,6,TransCanada Keystone Pipeline GP Ltd.,Keystone Pipeline System,"International boundary at or near Haskett, Manitoba",48.998912,-97.957657,South,export,domestic heavy,60,85.32,Downstream Restrictions
2012,7,TransCanada Keystone Pipeline GP Ltd.,Keystone Pipeline System,"International boundary at or near Haskett, Manitoba",48.998912,-97.957657,South,export,domestic light,18,85.44,Downstream Restrictions
2012,7,TransCanada Keystone Pipeline GP Ltd.,Keystone Pipeline System,"International boundary at or near Haskett, Manitoba",48.998912,-97.957657,South,export,domestic heavy,55,85.44,Downstream Restrictions
2012,8,TransCanada Keystone Pipeline GP Ltd.,Keystone Pipeline System,"International boundary at or near Haskett, Manitoba",48.998912,-97.957657,South,export,domestic light,21,85.128,Downstream Restrictions
2012,8,TransCanada Keystone Pipeline GP Ltd.,Keystone Pipeline System,"International boundary at or near Haskett, Manitoba",48.998912,-97.957657,South,export,domestic heavy,59,85.128,Downstream Restrictions
2012,9,TransCanada Keystone Pipeline GP Ltd.,Keystone Pipeline System,"International boundary at or near Haskett, Manitoba",48.998912,-97.957657,South,export,domestic light,20,84.552,Downstream Restrictions
2012,9,TransCanada Keystone Pipeline GP Ltd.,Keystone Pipeline System,"International boundary at or near Haskett, Manitoba",48.998912,-97.957657,South,export,domestic heavy,57,84.552,Downstream Restrictions
2012,10,TransCanada Keystone Pipeline GP Ltd.,Keystone Pipeline System,"International boundary at or near Haskett, Manitoba",48.998912,-97.957657,South,export,domestic light,14,83.736,"Downstream Restrictions, Curtailment/Interruption"
2012,10,TransCanada Keystone Pipeline GP Ltd.,Keystone Pipeline System,"International boundary at or near Haskett, Manitoba",48.998912,-97.957657,South,export,domestic heavy,51,83.736,"Downstream Restrictions, Curtailment/Interruption"
2012,11,TransCanada Keystone Pipeline GP Ltd.,Keystone Pipeline System,"International boundary at or near Haskett, Manitoba",48.998912,-97.957657,South,export,domestic light,17,79.37673957,"Downstream Restrictions, Force Majeure"
2012,11,TransCanada Keystone Pipeline GP Ltd.,Keystone Pipeline System,"International boundary at or near Haskett, Manitoba",48.998912,-97.957657,South,export,domestic heavy,62,79.37673957,"Downstream Restrictions, Force Majeure"
2012,12,TransCanada Keystone Pipeline GP Ltd.,Keystone Pipeline System,"International boundary at or near Haskett, Manitoba",48.998912,-97.957657,South,export,domestic light,14,83.54616765,Downstream Restrictions
2012,12,TransCanada Keystone Pipeline GP Ltd.,Keystone Pipeline System,"International boundary at or near Haskett, Manitoba",48.998912,-97.957657,South,export,domestic heavy,70,83.54616765,Downstream Restrictions
2013,1,TransCanada Keystone Pipeline GP Ltd.,Keystone Pipeline System,"International boundary at or near Haskett, Manitoba",48.998912,-97.957657,South,export,domestic light,16,86.52314297,Downstream Restrictions
2013,1,TransCanada Keystone Pipeline GP Ltd.,Keystone Pipeline System,"International boundary at or near Haskett, Manitoba",48.998912,-97.957657,South,export,domestic heavy,70,86.52314297,Downstream Restrictions
2013,2,TransCanada Keystone Pipeline GP Ltd.,Keystone Pipeline System,"International boundary at or near Haskett, Manitoba",48.998912,-97.957657,South,export,domestic light,14,87.35784914,Downstream Restrictions
2013,2,TransCanada Keystone Pipeline GP Ltd.,Keystone Pipeline System,"International boundary at or near Haskett, Manitoba",48.998912,-97.957657,South,export,domestic heavy,74,87.35784914,Downstream Restrictions
2013,3,TransCanada Keystone Pipeline GP Ltd.,Keystone Pipeline System,"International boundary at or near Haskett, Manitoba",48.998912,-97.957657,South,export,domestic light,13,85.296,Downstream Restrictions
2013,3,TransCanada Keystone Pipeline GP Ltd.,Keystone Pipeline System,"International boundary at or near Haskett, Manitoba",48.998912,-97.957657,South,export,domestic heavy,72,85.296,Downstream Restrictions
2013,4,TransCanada Keystone Pipeline GP Ltd.,Keystone Pipeline System,"International boundary at or near Haskett, Manitoba",48.998912,-97.957657,South,export,domestic light,15,84.72,Downstream Restrictions
2013,4,TransCanada Keystone Pipeline GP Ltd.,Keystone Pipeline System,"International boundary at or near Haskett, Manitoba",48.998912,-97.957657,South,export,domestic heavy,69,84.72,Downstream Restrictions
2013,5,TransCanada Keystone Pipeline GP Ltd.,Keystone Pipeline System,"International boundary at or near Haskett, Manitoba",48.998912,-97.957657,South,export,domestic light,13,84.264,Downstream Restrictions
2013,5,TransCanada Keystone Pipeline GP Ltd.,Keystone Pipeline System,"International boundary at or near Haskett, Manitoba",48.998912,-97.957657,South,export,domestic heavy,68,84.264,Downstream Restrictions
2013,6,TransCanada Keystone Pipeline GP Ltd.,Keystone Pipeline System,"International boundary at or near Haskett, Manitoba",48.998912,-97.957657,South,export,domestic light,10,84.264,Downstream Restrictions
2013,6,TransCanada Keystone Pipeline GP Ltd.,Keystone Pipeline System,"International boundary at or near Haskett, Manitoba",48.998912,-97.957657,South,export,domestic heavy,63,84.264,Downstream Restrictions
2013,7,TransCanada Keystone Pipeline GP Ltd.,Keystone Pipeline System,"International boundary at or near Haskett, Manitoba",48.998912,-97.957657,South,export,domestic light,9,81.72,Downstream Restrictions
2013,7,TransCanada Keystone Pipeline GP Ltd.,Keystone Pipeline System,"International boundary at or near Haskett, Manitoba",48.998912,-97.957657,South,export,domestic heavy,55,81.72,Downstream Restrictions
2013,8,TransCanada Keystone Pipeline GP Ltd.,Keystone Pipeline System,"International boundary at or near Haskett, Manitoba",48.998912,-97.957657,South,export,domestic light,12,83.496,Downstream Restrictions
2013,8,TransCanada Keystone Pipeline GP Ltd.,Keystone Pipeline System,"International boundary at or near Haskett, Manitoba",48.998912,-97.957657,South,export,domestic heavy,69,83.496,Downstream Restrictions
2013,9,TransCanada Keystone Pipeline GP Ltd.,Keystone Pipeline System,"International boundary at or near Haskett, Manitoba",48.998912,-97.957657,South,export,domestic light,9,84.264,Downstream Restrictions
2013,9,TransCanada Keystone Pipeline GP Ltd.,Keystone Pipeline System,"International boundary at or near Haskett, Manitoba",48.998912,-97.957657,South,export,domestic heavy,75,84.264,Downstream Restrictions
2013,10,TransCanada Keystone Pipeline GP Ltd.,Keystone Pipeline System,"International boundary at or near Haskett, Manitoba",48.998912,-97.957657,South,export,domestic light,14,84.32847577,Downstream Restrictions
2013,10,TransCanada Keystone Pipeline GP Ltd.,Keystone Pipeline System,"International boundary at or near Haskett, Manitoba",48.998912,-97.957657,South,export,domestic heavy,71,84.32847577,Downstream Restrictions
2013,11,TransCanada Keystone Pipeline GP Ltd.,Keystone Pipeline System,"International boundary at or near Haskett, Manitoba",48.998912,-97.957657,South,export,domestic light,12,77.87623793,"Downstream Restrictions, Curtailment/Interruption"
2013,11,TransCanada Keystone Pipeline GP Ltd.,Keystone Pipeline System,"International boundary at or near Haskett, Manitoba",48.998912,-97.957657,South,export,domestic heavy,66,77.87623793,"Downstream Restrictions, Curtailment/Interruption"
2013,12,TransCanada Keystone Pipeline GP Ltd.,Keystone Pipeline System,"International boundary at or near Haskett, Manitoba",48.998912,-97.957657,South,export,domestic light,9,82.79647042,"Downstream Restrictions, Curtailment/Interruption"
2013,12,TransCanada Keystone Pipeline GP Ltd.,Keystone Pipeline System,"International boundary at or near Haskett, Manitoba",48.998912,-97.957657,South,export,domestic heavy,74,82.79647042,"Downstream Restrictions, Curtailment/Interruption"
2014,1,TransCanada Keystone Pipeline GP Ltd.,Keystone Pipeline System,"International boundary at or near Haskett, Manitoba",48.998912,-97.957657,South,export,domestic light,12,84.264,Downstream Restrictions
2014,1,TransCanada Keystone Pipeline GP Ltd.,Keystone Pipeline System,"International boundary at or near Haskett, Manitoba",48.998912,-97.957657,South,export,domestic heavy,70,84.264,Downstream Restrictions
2014,2,TransCanada Keystone Pipeline GP Ltd.,Keystone Pipeline System,"International boundary at or near Haskett, Manitoba",48.998912,-97.957657,South,export,domestic light,7,86.16364714,Downstream Restrictions
2014,2,TransCanada Keystone Pipeline GP Ltd.,Keystone Pipeline System,"International boundary at or near Haskett, Manitoba",48.998912,-97.957657,South,export,domestic heavy,79,86.16364714,Downstream Restrictions
2014,3,TransCanada Keystone Pipeline GP Ltd.,Keystone Pipeline System,"International boundary at or near Haskett, Manitoba",48.998912,-97.957657,South,export,domestic light,9,85.272,Downstream Restrictions
2014,3,TransCanada Keystone Pipeline GP Ltd.,Keystone Pipeline System,"International boundary at or near Haskett, Manitoba",48.998912,-97.957657,South,export,domestic heavy,76,85.272,Downstream Restrictions
2014,4,TransCanada Keystone Pipeline GP Ltd.,Keystone Pipeline System,"International boundary at or near Haskett, Manitoba",48.998912,-97.957657,South,export,domestic light,9,84.264,Downstream Restrictions
2014,4,TransCanada Keystone Pipeline GP Ltd.,Keystone Pipeline System,"International boundary at or near Haskett, Manitoba",48.998912,-97.957657,South,export,domestic heavy,75,84.264,Downstream Restrictions
2014,5,TransCanada Keystone Pipeline GP Ltd.,Keystone Pipeline System,"International boundary at or near Haskett, Manitoba",48.998912,-97.957657,South,export,domestic light,10,84.76096245,Downstream Restrictions
2014,5,TransCanada Keystone Pipeline GP Ltd.,Keystone Pipeline System,"International boundary at or near Haskett, Manitoba",48.998912,-97.957657,South,export,domestic heavy,75,84.76096245,Downstream Restrictions
2014,6,TransCanada Keystone Pipeline GP Ltd.,Keystone Pipeline System,"International boundary at or near Haskett, Manitoba",48.998912,-97.957657,South,export,domestic light,10,84.264,"Downstream Restrictions, Force Majeure"
2014,6,TransCanada Keystone Pipeline GP Ltd.,Keystone Pipeline System,"International boundary at or near Haskett, Manitoba",48.998912,-97.957657,South,export,domestic heavy,72,84.264,"Downstream Restrictions, Force Majeure"
2014,7,TransCanada Keystone Pipeline GP Ltd.,Keystone Pipeline System,"International boundary at or near Haskett, Manitoba",48.998912,-97.957657,South,export,domestic light,10,84.264,"Downstream Restrictions, Curtailment/Interruption"
2014,7,TransCanada Keystone Pipeline GP Ltd.,Keystone Pipeline System,"International boundary at or near Haskett, Manitoba",48.998912,-97.957657,South,export,domestic heavy,72,84.264,"Downstream Restrictions, Curtailment/Interruption"
2014,8,TransCanada Keystone Pipeline GP Ltd.,Keystone Pipeline System,"International boundary at or near Haskett, Manitoba",48.998912,-97.957657,South,export,domestic light,8,84.264,Downstream Restrictions
2014,8,TransCanada Keystone Pipeline GP Ltd.,Keystone Pipeline System,"International boundary at or near Haskett, Manitoba",48.998912,-97.957657,South,export,domestic heavy,76,84.264,Downstream Restrictions
2014,9,TransCanada Keystone Pipeline GP Ltd.,Keystone Pipeline System,"International boundary at or near Haskett, Manitoba",48.998912,-97.957657,South,export,domestic light,9,80.0466996,"Downstream Restrictions, Curtailment/Interruption"
2014,9,TransCanada Keystone Pipeline GP Ltd.,Keystone Pipeline System,"International boundary at or near Haskett, Manitoba",48.998912,-97.957657,South,export,domestic heavy,71,80.0466996,"Downstream Restrictions, Curtailment/Interruption"
2014,10,TransCanada Keystone Pipeline GP Ltd.,Keystone Pipeline System,"International boundary at or near Haskett, Manitoba",48.998912,-97.957657,South,export,domestic light,12,87.87096826,Downstream Restrictions
2014,10,TransCanada Keystone Pipeline GP Ltd.,Keystone Pipeline System,"International boundary at or near Haskett, Manitoba",48.998912,-97.957657,South,export,domestic heavy,76,87.87096826,Downstream Restrictions
2014,11,TransCanada Keystone Pipeline GP Ltd.,Keystone Pipeline System,"International boundary at or near Haskett, Manitoba",48.998912,-97.957657,South,export,domestic light,12,87.5096304,Downstream Restrictions
2014,11,TransCanada Keystone Pipeline GP Ltd.,Keystone Pipeline System,"International boundary at or near Haskett, Manitoba",48.998912,-97.957657,South,export,domestic heavy,76,87.5096304,Downstream Restrictions
2014,12,TransCanada Keystone Pipeline GP Ltd.,Keystone Pipeline System,"International boundary at or near Haskett, Manitoba",48.998912,-97.957657,South,export,domestic light,12,87.16134281,Downstream Restrictions
2014,12,TransCanada Keystone Pipeline GP Ltd.,Keystone Pipeline System,"International boundary at or near Haskett, Manitoba",48.998912,-97.957657,South,export,domestic heavy,75,87.16134281,Downstream Restrictions
2015,1,TransCanada Keystone Pipeline GP Ltd.,Keystone Pipeline System,"International boundary at or near Haskett, Manitoba",48.998912,-97.957657,South,export,domestic light,10,88.35458061,Downstream Restrictions
2015,1,TransCanada Keystone Pipeline GP Ltd.,Keystone Pipeline System,"International boundary at or near Haskett, Manitoba",48.998912,-97.957657,South,export,domestic heavy,78,88.35458061,Downstream Restrictions
2015,2,TransCanada Keystone Pipeline GP Ltd.,Keystone Pipeline System,"International boundary at or near Haskett, Manitoba",48.998912,-97.957657,South,export,domestic light,8,87.63736618,Downstream Restrictions
2015,2,TransCanada Keystone Pipeline GP Ltd.,Keystone Pipeline System,"International boundary at or near Haskett, Manitoba",48.998912,-97.957657,South,export,domestic heavy,80,87.63736618,Downstream Restrictions
2015,3,TransCanada Keystone Pipeline GP Ltd.,Keystone Pipeline System,"International boundary at or near Haskett, Manitoba",48.998912,-97.957657,South,export,domestic light,8,92.21686877,Downstream Restrictions
2015,3,TransCanada Keystone Pipeline GP Ltd.,Keystone Pipeline System,"International boundary at or near Haskett, Manitoba",48.998912,-97.957657,South,export,domestic heavy,84,92.21686877,Downstream Restrictions
2015,4,TransCanada Keystone Pipeline GP Ltd.,Keystone Pipeline System,"International boundary at or near Haskett, Manitoba",48.998912,-97.957657,South,export,domestic light,10,94.5708841,System Operating Factor
2015,4,TransCanada Keystone Pipeline GP Ltd.,Keystone Pipeline System,"International boundary at or near Haskett, Manitoba",48.998912,-97.957657,South,export,domestic heavy,84,94.5708841,System Operating Factor
2015,5,TransCanada Keystone Pipeline GP Ltd.,Keystone Pipeline System,"International boundary at or near Haskett, Manitoba",48.998912,-97.957657,South,export,domestic light,12,92.856,Downstream Restrictions
2015,5,TransCanada Keystone Pipeline GP Ltd.,Keystone Pipeline System,"International boundary at or near Haskett, Manitoba",48.998912,-97.957657,South,export,domestic heavy,72,92.856,Downstream Restrictions
2015,6,TransCanada Keystone Pipeline GP Ltd.,Keystone Pipeline System,"International boundary at or near Haskett, Manitoba",48.998912,-97.957657,South,export,domestic light,11,88.8,Downstream Restrictions
2015,6,TransCanada Keystone Pipeline GP Ltd.,Keystone Pipeline System,"International boundary at or near Haskett, Manitoba",48.998912,-97.957657,South,export,domestic heavy,72,88.8,Downstream Restrictions
2015,7,TransCanada Keystone Pipeline GP Ltd.,Keystone Pipeline System,"International boundary at or near Haskett, Manitoba",48.998912,-97.957657,South,export,domestic light,10,94.51100584,System Operating Factor
2015,7,TransCanada Keystone Pipeline GP Ltd.,Keystone Pipeline System,"International boundary at or near Haskett, Manitoba",48.998912,-97.957657,South,export,domestic heavy,85,94.51100584,System Operating Factor
2015,8,TransCanada Keystone Pipeline GP Ltd.,Keystone Pipeline System,"International boundary at or near Haskett, Manitoba",48.998912,-97.957657,South,export,domestic light,12,91.24455794,Downstream Restrictions
2015,8,TransCanada Keystone Pipeline GP Ltd.,Keystone Pipeline System,"International boundary at or near Haskett, Manitoba",48.998912,-97.957657,South,export,domestic heavy,79,91.24455794,Downstream Restrictions
2015,9,TransCanada Keystone Pipeline GP Ltd.,Keystone Pipeline System,"International boundary at or near Haskett, Manitoba",48.998912,-97.957657,South,export,domestic light,10,92.28,Downstream Restrictions
2015,9,TransCanada Keystone Pipeline GP Ltd.,Keystone Pipeline System,"International boundary at or near Haskett, Manitoba",48.998912,-97.957657,South,export,domestic heavy,80,92.28,Downstream Restrictions
2015,10,TransCanada Keystone Pipeline GP Ltd.,Keystone Pipeline System,"International boundary at or near Haskett, Manitoba",48.998912,-97.957657,South,export,domestic light,9,90.336,Downstream Restrictions
2015,10,TransCanada Keystone Pipeline GP Ltd.,Keystone Pipeline System,"International boundary at or near Haskett, Manitoba",48.998912,-97.957657,South,export,domestic heavy,71,90.336,Downstream Restrictions
2015,11,TransCanada Keystone Pipeline GP Ltd.,Keystone Pipeline System,"International boundary at or near Haskett, Manitoba",48.998912,-97.957657,South,export,domestic light,12,92.136,Downstream Restrictions
2015,11,TransCanada Keystone Pipeline GP Ltd.,Keystone Pipeline System,"International boundary at or near Haskett, Manitoba",48.998912,-97.957657,South,export,domestic heavy,74,92.136,Downstream Restrictions
2015,12,TransCanada Keystone Pipeline GP Ltd.,Keystone Pipeline System,"International boundary at or near Haskett, Manitoba",48.998912,-97.957657,South,export,domestic light,8,93.072,Downstream Restrictions
2015,12,TransCanada Keystone Pipeline GP Ltd.,Keystone Pipeline System,"International boundary at or near Haskett, Manitoba",48.998912,-97.957657,South,export,domestic heavy,78,93.072,Downstream Restrictions
2016,1,TransCanada Keystone Pipeline GP Ltd.,Keystone Pipeline System,"International boundary at or near Haskett, Manitoba",48.998912,-97.957657,South,export,domestic light,9,94.12550171,System Operating Factor
2016,1,TransCanada Keystone Pipeline GP Ltd.,Keystone Pipeline System,"International boundary at or near Haskett, Manitoba",48.998912,-97.957657,South,export,domestic heavy,85,94.12550171,System Operating Factor
2016,2,TransCanada Keystone Pipeline GP Ltd.,Keystone Pipeline System,"International boundary at or near Haskett, Manitoba",48.998912,-97.957657,South,export,domestic light,7,93.672,Downstream Restrictions
2016,2,TransCanada Keystone Pipeline GP Ltd.,Keystone Pipeline System,"International boundary at or near Haskett, Manitoba",48.998912,-97.957657,South,export,domestic heavy,85,93.672,Downstream Restrictions
2016,3,TransCanada Keystone Pipeline GP Ltd.,Keystone Pipeline System,"International boundary at or near Haskett, Manitoba",48.998912,-97.957657,South,export,domestic light,3,92.28,Downstream Restrictions
2016,3,TransCanada Keystone Pipeline GP Ltd.,Keystone Pipeline System,"International boundary at or near Haskett, Manitoba",48.998912,-97.957657,South,export,domestic heavy,84,92.28,Downstream Restrictions
2016,4,TransCanada Keystone Pipeline GP Ltd.,Keystone Pipeline System,"International boundary at or near Haskett, Manitoba",48.998912,-97.957657,South,export,domestic light,4,92.952,"Downstream Restrictions, Force Majeure"
2016,4,TransCanada Keystone Pipeline GP Ltd.,Keystone Pipeline System,"International boundary at or near Haskett, Manitoba",48.998912,-97.957657,South,export,domestic heavy,60,92.952,"Downstream Restrictions, Force Majeure"
2016,5,TransCanada Keystone Pipeline GP Ltd.,Keystone Pipeline System,"International boundary at or near Haskett, Manitoba",48.998912,-97.957657,South,export,domestic light,4,86.856,Downstream Restrictions
2016,5,TransCanada Keystone Pipeline GP Ltd.,Keystone Pipeline System,"International boundary at or near Haskett, Manitoba",48.998912,-97.957657,South,export,domestic heavy,60,86.856,Downstream Restrictions
2016,6,TransCanada Keystone Pipeline GP Ltd.,Keystone Pipeline System,"International boundary at or near Haskett, Manitoba",48.998912,-97.957657,South,export,domestic light,0,88.176,Downstream Restrictions
2016,6,TransCanada Keystone Pipeline GP Ltd.,Keystone Pipeline System,"International boundary at or near Haskett, Manitoba",48.998912,-97.957657,South,export,domestic heavy,62,88.176,Downstream Restrictions
2016,7,TransCanada Keystone Pipeline GP Ltd.,Keystone Pipeline System,"International boundary at or near Haskett, Manitoba",48.998912,-97.957657,South,export,domestic light,3,86.304,Downstream Restrictions
2016,7,TransCanada Keystone Pipeline GP Ltd.,Keystone Pipeline System,"International boundary at or near Haskett, Manitoba",48.998912,-97.957657,South,export,domestic heavy,75,86.304,Downstream Restrictions
2016,8,TransCanada Keystone Pipeline GP Ltd.,Keystone Pipeline System,"International boundary at or near Haskett, Manitoba",48.998912,-97.957657,South,export,domestic light,8,88.33445829,Downstream Restrictions
2016,8,TransCanada Keystone Pipeline GP Ltd.,Keystone Pipeline System,"International boundary at or near Haskett, Manitoba",48.998912,-97.957657,South,export,domestic heavy,80,88.33445829,Downstream Restrictions
2016,9,TransCanada Keystone Pipeline GP Ltd.,Keystone Pipeline System,"International boundary at or near Haskett, Manitoba",48.998912,-97.957657,South,export,domestic light,5,89.736,Downstream Restrictions
2016,9,TransCanada Keystone Pipeline GP Ltd.,Keystone Pipeline System,"International boundary at or near Haskett, Manitoba",48.998912,-97.957657,South,export,domestic heavy,84,89.736,Downstream Restrictions
2016,10,TransCanada Keystone Pipeline GP Ltd.,Keystone Pipeline System,"International boundary at or near Haskett, Manitoba",48.998912,-97.957657,South,export,domestic light,8,87.76853984,Downstream Restrictions
2016,10,TransCanada Keystone Pipeline GP Ltd.,Keystone Pipeline System,"International boundary at or near Haskett, Manitoba",48.998912,-97.957657,South,export,domestic heavy,80,87.76853984,Downstream Restrictions
2016,11,TransCanada Keystone Pipeline GP Ltd.,Keystone Pipeline System,"International boundary at or near Haskett, Manitoba",48.998912,-97.957657,South,export,domestic light,6,94.23012057,System Operating Factor
2016,11,TransCanada Keystone Pipeline GP Ltd.,Keystone Pipeline System,"International boundary at or near Haskett, Manitoba",48.998912,-97.957657,South,export,domestic heavy,88,94.23012057,System Operating Factor
2016,12,TransCanada Keystone Pipeline GP Ltd.,Keystone Pipeline System,"International boundary at or near Haskett, Manitoba",48.998912,-97.957657,South,export,domestic light,6,95.1197219,System Operating Factor
2016,12,TransCanada Keystone Pipeline GP Ltd.,Keystone Pipeline System,"International boundary at or near Haskett, Manitoba",48.998912,-97.957657,South,export,domestic heavy,89,95.1197219,System Operating Factor
2017,1,TransCanada Keystone Pipeline GP Ltd.,Keystone Pipeline System,"International boundary at or near Haskett, Manitoba",48.998912,-97.957657,South,export,domestic light,7.63,95.61,System Operating Factor
2017,1,TransCanada Keystone Pipeline GP Ltd.,Keystone Pipeline System,"International boundary at or near Haskett, Manitoba",48.998912,-97.957657,South,export,domestic heavy,87.97,95.61,System Operating Factor
2017,2,TransCanada Keystone Pipeline GP Ltd.,Keystone Pipeline System,"International boundary at or near Haskett, Manitoba",48.998912,-97.957657,South,export,domestic light,4.97,92.33,Downstream Restrictions
2017,2,TransCanada Keystone Pipeline GP Ltd.,Keystone Pipeline System,"International boundary at or near Haskett, Manitoba",48.998912,-97.957657,South,export,domestic heavy,87.23,92.33,Downstream Restrictions
2017,3,TransCanada Keystone Pipeline GP Ltd.,Keystone Pipeline System,"International boundary at or near Haskett, Manitoba",48.998912,-97.957657,South,export,domestic light,3.62,95.48,System Operating Factor
2017,3,TransCanada Keystone Pipeline GP Ltd.,Keystone Pipeline System,"International boundary at or near Haskett, Manitoba",48.998912,-97.957657,South,export,domestic heavy,91.86,95.48,System Operating Factor
2017,4,TransCanada Keystone Pipeline GP Ltd.,Keystone Pipeline System,"International boundary at or near Haskett, Manitoba",48.998912,-97.957657,South,export,domestic light,1.59,94.93,System Operating Factor
2017,4,TransCanada Keystone Pipeline GP Ltd.,Keystone Pipeline System,"International boundary at or near Haskett, Manitoba",48.998912,-97.957657,South,export,domestic heavy,93.17,94.93,System Operating Factor
2017,5,TransCanada Keystone Pipeline GP Ltd.,Keystone Pipeline System,"International boundary at or near Haskett, Manitoba",48.998912,-97.957657,South,export,domestic light,2.4,95.4,System Operating Factor
2017,5,TransCanada Keystone Pipeline GP Ltd.,Keystone Pipeline System,"International boundary at or near Haskett, Manitoba",48.998912,-97.957657,South,export,domestic heavy,93,95.4,System Operating Factor
2017,6,TransCanada Keystone Pipeline GP Ltd.,Keystone Pipeline System,"International boundary at or near Haskett, Manitoba",48.998912,-97.957657,South,export,domestic light,4.42,94.68,System Operating Factor
2017,6,TransCanada Keystone Pipeline GP Ltd.,Keystone Pipeline System,"International boundary at or near Haskett, Manitoba",48.998912,-97.957657,South,export,domestic heavy,90.25,94.68,System Operating Factor
2017,7,TransCanada Keystone Pipeline GP Ltd.,Keystone Pipeline System,"International boundary at or near Haskett, Manitoba",48.998912,-97.957657,South,export,domestic light,1.97,93.8,PHMSA Restriction
2017,7,TransCanada Keystone Pipeline GP Ltd.,Keystone Pipeline System,"International boundary at or near Haskett, Manitoba",48.998912,-97.957657,South,export,domestic heavy,87.79,93.8,PHMSA Restriction
2017,8,TransCanada Keystone Pipeline GP Ltd.,Keystone Pipeline System,"International boundary at or near Haskett, Manitoba",48.998912,-97.957657,South,export,domestic light,7.03,93.14,PHMSA Restriction
2017,8,TransCanada Keystone Pipeline GP Ltd.,Keystone Pipeline System,"International boundary at or near Haskett, Manitoba",48.998912,-97.957657,South,export,domestic heavy,86.11,93.14,PHMSA Restriction
2017,9,TransCanada Keystone Pipeline GP Ltd.,Keystone Pipeline System,"International boundary at or near Haskett, Manitoba",48.998912,-97.957657,South,export,domestic light,2.17,94.43,System Operating Factor
2017,9,TransCanada Keystone Pipeline GP Ltd.,Keystone Pipeline System,"International boundary at or near Haskett, Manitoba",48.998912,-97.957657,South,export,domestic heavy,92.25,94.43,System Operating Factor
2017,10,TransCanada Keystone Pipeline GP Ltd.,Keystone Pipeline System,"International boundary at or near Haskett, Manitoba",48.998912,-97.957657,South,export,domestic light,3.83,90.01,"Capacity may vary month to month based on NEB Regulatory Directive, Downstream Restrictions, Curtailment/Interruptions, Force Majeure and System Operating Factor"
2017,10,TransCanada Keystone Pipeline GP Ltd.,Keystone Pipeline System,"International boundary at or near Haskett, Manitoba",48.998912,-97.957657,South,export,domestic heavy,86.18,90.01,"Capacity may vary month to month based on NEB Regulatory Directive, Downstream Restrictions, Curtailment/Interruptions, Force Majeure and System Operating Factor"
2017,11,TransCanada Keystone Pipeline GP Ltd.,Keystone Pipeline System,"International boundary at or near Haskett, Manitoba",48.998912,-97.957657,South,export,domestic light,1.01,90.62,"Capacity may vary month to month based on NEB Regulatory Directive, Downstream Restrictions, Curtailment/Interruptions, Force Majeure and System Operating Factor"
2017,11,TransCanada Keystone Pipeline GP Ltd.,Keystone Pipeline System,"International boundary at or near Haskett, Manitoba",48.998912,-97.957657,South,export,domestic heavy,46.46,90.62,"Capacity may vary month to month based on NEB Regulatory Directive, Downstream Restrictions, Curtailment/Interruptions, Force Majeure and System Operating Factor"
2017,12,TransCanada Keystone Pipeline GP Ltd.,Keystone Pipeline System,"International boundary at or near Haskett, Manitoba",48.998912,-97.957657,South,export,domestic light,6.11,92.61,"Capacity may vary month to month based on NEB Regulatory Directive, Downstream Restrictions, Curtailment/Interruptions, Force Majeure and System Operating Factor"
2017,12,TransCanada Keystone Pipeline GP Ltd.,Keystone Pipeline System,"International boundary at or near Haskett, Manitoba",48.998912,-97.957657,South,export,domestic heavy,86.51,92.61,"Capacity may vary month to month based on NEB Regulatory Directive, Downstream Restrictions, Curtailment/Interruptions, Force Majeure and System Operating Factor"
2018,1,TransCanada Keystone Pipeline GP Ltd.,Keystone Pipeline System,"International boundary at or near Haskett, Manitoba",48.998912,-97.957657,South,export,domestic light,2.05,94.25,"Capacity may vary month to month based on NEB Regulatory Directive, Downstream Restrictions, Curtailment/Interruptions, Force Majeure and System Operating Factor"
2018,1,TransCanada Keystone Pipeline GP Ltd.,Keystone Pipeline System,"International boundary at or near Haskett, Manitoba",48.998912,-97.957657,South,export,domestic heavy,92.2,94.25,"Capacity may vary month to month based on NEB Regulatory Directive, Downstream Restrictions, Curtailment/Interruptions, Force Majeure and System Operating Factor"
2018,2,TransCanada Keystone Pipeline GP Ltd.,Keystone Pipeline System,"International boundary at or near Haskett, Manitoba",48.998912,-97.957657,South,export,domestic light,2.33,95.01,"Capacity may vary month to month based on NEB Regulatory Directive, Downstream Restrictions, Curtailment/Interruptions, Force Majeure and System Operating Factor"
2018,2,TransCanada Keystone Pipeline GP Ltd.,Keystone Pipeline System,"International boundary at or near Haskett, Manitoba",48.998912,-97.957657,South,export,domestic heavy,92.67,95.01,"Capacity may vary month to month based on NEB Regulatory Directive, Downstream Restrictions, Curtailment/Interruptions, Force Majeure and System Operating Factor"
2018,3,TransCanada Keystone Pipeline GP Ltd.,Keystone Pipeline System,"International boundary at or near Haskett, Manitoba",48.998912,-97.957657,South,export,domestic light,0,93.72,"Capacity may vary month to month based on NEB Regulatory Directive, Downstream Restrictions, Curtailment/Interruptions, Force Majeure and System Operating Factor"
2018,3,TransCanada Keystone Pipeline GP Ltd.,Keystone Pipeline System,"International boundary at or near Haskett, Manitoba",48.998912,-97.957657,South,export,domestic heavy,93.72,93.72,"Capacity may vary month to month based on NEB Regulatory Directive, Downstream Restrictions, Curtailment/Interruptions, Force Majeure and System Operating Factor"
2018,4,TransCanada Keystone Pipeline GP Ltd.,Keystone Pipeline System,"International boundary at or near Haskett, Manitoba",48.998912,-97.957657,South,export,domestic light,0.5,96.09,"Capacity may vary month to month based on NEB Regulatory Directive, Downstream Restrictions, Curtailment/Interruptions, Force Majeure and System Operating Factor"
2018,4,TransCanada Keystone Pipeline GP Ltd.,Keystone Pipeline System,"International boundary at or near Haskett, Manitoba",48.998912,-97.957657,South,export,domestic heavy,95.59,97.09,"Capacity may vary month to month based on NEB Regulatory Directive, Downstream Restrictions, Curtailment/Interruptions, Force Majeure and System Operating Factor"
2018,5,TransCanada Keystone Pipeline GP Ltd.,Keystone Pipeline System,"International boundary at or near Haskett, Manitoba",48.998912,-97.957657,South,export,domestic light,0.99,93.8,"Capacity may vary month to month based on NEB Regulatory Directive, Downstream Restrictions, Curtailment/Interruptions, Force Majeure and System Operating Factor"
2018,5,TransCanada Keystone Pipeline GP Ltd.,Keystone Pipeline System,"International boundary at or near Haskett, Manitoba",48.998912,-97.957657,South,export,domestic heavy,92.61,94.8,"Capacity may vary month to month based on NEB Regulatory Directive, Downstream Restrictions, Curtailment/Interruptions, Force Majeure and System Operating Factor"
2018,6,TransCanada Keystone Pipeline GP Ltd.,Keystone Pipeline System,"International boundary at or near Haskett, Manitoba",48.998912,-97.957657,South,export,domestic light,3.55,94.82,"Capacity may vary month to month based on NEB Regulatory Directive, Downstream Restrictions, Curtailment/Interruptions, Force Majeure and System Operating Factor"
2018,6,TransCanada Keystone Pipeline GP Ltd.,Keystone Pipeline System,"International boundary at or near Haskett, Manitoba",48.998912,-97.957657,South,export,domestic heavy,91.26,95.82,"Capacity may vary month to month based on NEB Regulatory Directive, Downstream Restrictions, Curtailment/Interruptions, Force Majeure and System Operating Factor"
