user_id,status_id,created_at,screen_name,text,source,display_text_width,reply_to_status_id,reply_to_user_id,reply_to_screen_name,is_quote,is_retweet,favorite_count,retweet_count,hashtags,symbols,urls_url,urls_t.co,urls_expanded_url,media_url,media_t.co,media_expanded_url,media_type,ext_media_url,ext_media_t.co,ext_media_expanded_url,ext_media_type,mentions_user_id,mentions_screen_name,lang,quoted_status_id,quoted_text,quoted_created_at,quoted_source,quoted_favorite_count,quoted_retweet_count,quoted_user_id,quoted_screen_name,quoted_name,quoted_followers_count,quoted_friends_count,quoted_statuses_count,quoted_location,quoted_description,quoted_verified,retweet_status_id,retweet_text,retweet_created_at,retweet_source,retweet_favorite_count,retweet_retweet_count,retweet_user_id,retweet_screen_name,retweet_name,retweet_followers_count,retweet_friends_count,retweet_statuses_count,retweet_location,retweet_description,retweet_verified,place_url,place_name,place_full_name,place_type,country,country_code,geo_coords,coords_coords,bbox_coords,status_url,name,location,description,url,protected,followers_count,friends_count,listed_count,statuses_count,favourites_count,account_created_at,verified,profile_url,profile_expanded_url,account_lang,profile_banner_url,profile_background_url,profile_image_url
x1006589060754780162,x1039242229032906752,2018-09-10T20:00:30Z,SuitsAndBootsCA,"""The cost to SK, by not having projects like #TMX, #EnergyEast, #NorthernGateway, not having that ample access to world markets, is about $2.6B""
@PremierScottMoe 
2018: CDN will lose $15B due to lack of pipelines 
We can't afford #C69
#KillBillC69
#bcpoli #abpoli #cdnpoli #skpoli https://t.co/GVVRZQPskF",Hootsuite Inc.,280,NA,NA,NA,FALSE,FALSE,10,6,TMX EnergyEast NorthernGateway C69 KillBillC69 bcpoli abpoli cdnpoli skpoli,NA,NA,NA,NA,http://pbs.twimg.com/media/DmwhTLnVsAEuBc6.jpg,https://t.co/GVVRZQPskF,https://twitter.com/SuitsAndBootsCA/status/1039242229032906752/photo/1,photo,http://pbs.twimg.com/media/DmwhTLnVsAEuBc6.jpg,https://t.co/GVVRZQPskF,https://twitter.com/SuitsAndBootsCA/status/1039242229032906752/photo/1,NA,x204646101,PremierScottMoe,en,NA,NA,NA,NA,NA,NA,NA,NA,NA,NA,NA,NA,NA,NA,NA,NA,NA,NA,NA,NA,NA,NA,NA,NA,NA,NA,NA,NA,NA,NA,NA,NA,NA,NA,NA,NA,NA NA,NA NA,NA NA NA NA NA NA NA NA,https://twitter.com/SuitsAndBootsCA/status/1039242229032906752,Suits and Boots Canada,Canada,We are a not-for-profit organization of investment industry professionals who support Canada‚Äôs resource sector. #KillBillC69,https://t.co/2u31SVic56,FALSE,1884,4328,10,952,887,2018-06-12T17:28:28Z,FALSE,https://t.co/2u31SVic56,https://suitsandboots.ca/,en,https://pbs.twimg.com/profile_banners/1006589060754780162/1528824756,NA,http://pbs.twimg.com/profile_images/1006589921975459840/yNrwPFwe_normal.jpg
x1006589060754780162,x1035969319237234688,2018-09-01T19:15:07Z,SuitsAndBootsCA,"""The fed gov chose to do more consultation for #TM than it did for the #NorthernGateway project, including a special 3-member inde ministerial panel to engage local comm's &amp; Indigenous...court said that still wasn't enough""
https://t.co/aTYS7GaWc4
#bcpoli #abpoli #cdnpoli #skpoli",Hootsuite Inc.,284,NA,NA,NA,FALSE,FALSE,8,5,TM NorthernGateway bcpoli abpoli cdnpoli skpoli,NA,cbc.ca/news/business/‚Ä¶,https://t.co/aTYS7GaWc4,https://www.cbc.ca/news/business/tmx-oilpatch-court-ruling-construction-1.4804894,NA,NA,NA,NA,NA,NA,NA,NA,NA,NA,en,NA,NA,NA,NA,NA,NA,NA,NA,NA,NA,NA,NA,NA,NA,NA,NA,NA,NA,NA,NA,NA,NA,NA,NA,NA,NA,NA,NA,NA,NA,NA,NA,NA,NA,NA,NA,NA NA,NA NA,NA NA NA NA NA NA NA NA,https://twitter.com/SuitsAndBootsCA/status/1035969319237234688,Suits and Boots Canada,Canada,We are a not-for-profit organization of investment industry professionals who support Canada‚Äôs resource sector. #KillBillC69,https://t.co/2u31SVic56,FALSE,1884,4328,10,952,887,2018-06-12T17:28:28Z,FALSE,https://t.co/2u31SVic56,https://suitsandboots.ca/,en,https://pbs.twimg.com/profile_banners/1006589060754780162/1528824756,NA,http://pbs.twimg.com/profile_images/1006589921975459840/yNrwPFwe_normal.jpg
x1393812230,x1038464109786947584,2018-09-08T16:28:32Z,CanadaAction,"Remember, there‚Äôs been a coordinated, well funded, multi-level, international campaign to block Canadian oil exports from reaching international markets for the highest price.

#NorthernGateway 
#KeystoneXL 
#Line9
#EnergyEast 
#TransMountain 
#Line3 

https://t.co/fViwfkkrYY https://t.co/4jmz8KZ1t1",Twitter for iPhone,276,NA,NA,NA,FALSE,FALSE,19,19,NorthernGateway KeystoneXL Line9 EnergyEast TransMountain Line3,NA,offsettingresistance.ca/TarSandsCoalit‚Ä¶,https://t.co/fViwfkkrYY,http://www.offsettingresistance.ca/TarSandsCoalition-StrategyPaper2008.pdf,http://pbs.twimg.com/media/Dmldj63U4AEuK4_.jpg,https://t.co/4jmz8KZ1t1,https://twitter.com/CanadaAction/status/1038464109786947584/photo/1,photo,http://pbs.twimg.com/media/Dmldj63U4AEuK4_.jpg,https://t.co/4jmz8KZ1t1,https://twitter.com/CanadaAction/status/1038464109786947584/photo/1,NA,NA,NA,en,NA,NA,NA,NA,NA,NA,NA,NA,NA,NA,NA,NA,NA,NA,NA,NA,NA,NA,NA,NA,NA,NA,NA,NA,NA,NA,NA,NA,NA,NA,NA,NA,NA,NA,NA,NA,NA NA,NA NA,NA NA NA NA NA NA NA NA,https://twitter.com/CanadaAction/status/1038464109786947584,Canada Action,Canada,"Join us! We advocate for having informed conversations about our resources and our country! We're a non-partisan, non-profit that's proud to be Canadian üá®üá¶",https://t.co/zWf5RLi0tq,FALSE,13850,1326,123,11065,2933,2013-05-01T04:56:02Z,FALSE,https://t.co/zWf5RLi0tq,http://www.canadaaction.ca/free_stickers,en,https://pbs.twimg.com/profile_banners/1393812230/1463889053,http://abs.twimg.com/images/themes/theme1/bg.png,http://pbs.twimg.com/profile_images/710689665334910977/GgHEUaF7_normal.jpg
x1393812230,x1037586451817525248,2018-09-06T06:21:02Z,CanadaAction,"1. Level the playing field for #EnergyEast

2. Restart #NorthernGateway

3. Make #TransMountain the federal governments number one priority.

https://t.co/9bXv8NuG3F",Twitter for iPhone,165,NA,NA,NA,TRUE,FALSE,83,42,EnergyEast NorthernGateway TransMountain,NA,twitter.com/ctvnews/status‚Ä¶,https://t.co/9bXv8NuG3F,https://twitter.com/ctvnews/status/1037079551908536320?s=21,NA,NA,NA,NA,NA,NA,NA,NA,NA,NA,en,x1037079551908536320,Prime Minister Trudeau says a dependence on the U.S. for oil exports is 'not a wise strategy' and Canada needs access to 'new markets.‚Äô #cdnpoli https://t.co/WmJbIO9GbJ,2018-09-04T20:46:47Z,SnappyTV.com,996,290,x203123011,CTVNews,CTV News,700140,323,136143,NA,Tweeting breaking news from CTVNews.ca in the CTV National newsroom. RTs do not constitute endorsement of views.,TRUE,NA,NA,NA,NA,NA,NA,NA,NA,NA,NA,NA,NA,NA,NA,NA,NA,NA,NA,NA,NA,NA,NA NA,NA NA,NA NA NA NA NA NA NA NA,https://twitter.com/CanadaAction/status/1037586451817525248,Canada Action,Canada,"Join us! We advocate for having informed conversations about our resources and our country! We're a non-partisan, non-profit that's proud to be Canadian üá®üá¶",https://t.co/zWf5RLi0tq,FALSE,13850,1326,123,11065,2933,2013-05-01T04:56:02Z,FALSE,https://t.co/zWf5RLi0tq,http://www.canadaaction.ca/free_stickers,en,https://pbs.twimg.com/profile_banners/1393812230/1463889053,http://abs.twimg.com/images/themes/theme1/bg.png,http://pbs.twimg.com/profile_images/710689665334910977/GgHEUaF7_normal.jpg
x383498768,x1038410148585254913,2018-09-08T12:54:06Z,2006kona,@WBrettWilson As a BCer for the most part I agree with getting Alberta oil to tidewater. Except on #NorthernGateway  it was proposed to go to a non-port. That for me was a nonstarter.,Twitter for iPad,169,x1038296846404268032,x40316065,WBrettWilson,FALSE,FALSE,0,0,NorthernGateway,NA,NA,NA,NA,NA,NA,NA,NA,NA,NA,NA,NA,x40316065,WBrettWilson,en,NA,NA,NA,NA,NA,NA,NA,NA,NA,NA,NA,NA,NA,NA,NA,NA,NA,NA,NA,NA,NA,NA,NA,NA,NA,NA,NA,NA,NA,NA,NA,NA,NA,NA,NA,NA,NA NA,NA NA,NA NA NA NA NA NA NA NA,https://twitter.com/2006kona/status/1038410148585254913,Steve Pulham,NA,NA,NA,FALSE,9,217,0,49,55,2011-10-02T00:29:53Z,FALSE,NA,NA,en,https://pbs.twimg.com/profile_banners/383498768/1404741112,http://abs.twimg.com/images/themes/theme1/bg.png,http://pbs.twimg.com/profile_images/703634389960302592/cCLuuN5H_normal.jpg
x2523599618,x1038073007502024704,2018-09-07T14:34:26Z,OilsandsAction,"Important quote from @SohiAmarjeet 

Solution: Level the playing field for #EnergyEast, restart #NorthernGateway &amp; make #TransMountain the federal government‚Äôs main priority.

Also, suspend #BillC69 which will have devastating consequences for investment and competitiveness. https://t.co/EX8X8ULyD0",Twitter for iPhone,279,NA,NA,NA,FALSE,FALSE,156,67,EnergyEast NorthernGateway TransMountain BillC69,NA,NA,NA,NA,http://pbs.twimg.com/media/Dmf54gtU4AANt9R.jpg,https://t.co/EX8X8ULyD0,https://twitter.com/OilsandsAction/status/1038073007502024704/photo/1,photo,http://pbs.twimg.com/media/Dmf54gtU4AANt9R.jpg,https://t.co/EX8X8ULyD0,https://twitter.com/OilsandsAction/status/1038073007502024704/photo/1,NA,x172407835,SohiAmarjeet,en,NA,NA,NA,NA,NA,NA,NA,NA,NA,NA,NA,NA,NA,NA,NA,NA,NA,NA,NA,NA,NA,NA,NA,NA,NA,NA,NA,NA,NA,NA,NA,NA,NA,NA,NA,NA,NA NA,NA NA,NA NA NA NA NA NA NA NA,https://twitter.com/OilsandsAction/status/1038073007502024704,Oil Sands Action,Canada,"Join Us - We're fighting back by sharing the science, facts and positivity about Canadian energy. Online Store and Free Stickers in link - Support üá®üá¶ üòÄ",https://t.co/dssdaq5TIj,FALSE,55793,1353,194,2977,2163,2014-05-25T22:39:46Z,FALSE,https://t.co/dssdaq5TIj,http://www.CanadaAction.ca/free_stickers,en,https://pbs.twimg.com/profile_banners/2523599618/1504559713,http://abs.twimg.com/images/themes/theme1/bg.png,http://pbs.twimg.com/profile_images/753051673061314560/2uXieNWQ_normal.jpg
x1001996292,x1037979030543368194,2018-09-07T08:21:00Z,huddlednews,"North Manchester‚Äôs latest vision for the largest residential led regeneration project in the UK will commence under the new proposed plans for the Northern Gateway.

https://t.co/6uBFea2H48
#Northerngateway #regeneration #manchester",Sprout Social,232,NA,NA,NA,FALSE,FALSE,0,0,Northerngateway regeneration manchester,NA,bit.ly/2Q6LiXc,https://t.co/6uBFea2H48,https://bit.ly/2Q6LiXc,NA,NA,NA,NA,NA,NA,NA,NA,NA,NA,en,NA,NA,NA,NA,NA,NA,NA,NA,NA,NA,NA,NA,NA,NA,NA,NA,NA,NA,NA,NA,NA,NA,NA,NA,NA,NA,NA,NA,NA,NA,NA,NA,NA,NA,NA,NA,NA NA,NA NA,NA NA NA NA NA NA NA NA,https://twitter.com/huddlednews/status/1037979030543368194,Huddled News,"Manchester, England",Huddled News brings you the latest business and events information for the North West. For PR please email press@huddled.co.uk,https://t.co/uBV2grzh7h,FALSE,5700,5655,109,12723,1144,2012-12-10T16:27:55Z,FALSE,https://t.co/uBV2grzh7h,http://huddled.co.uk,en,https://pbs.twimg.com/profile_banners/1001996292/1500300253,http://abs.twimg.com/images/themes/theme1/bg.png,http://pbs.twimg.com/profile_images/886949582042693632/y_z8ZUTC_normal.jpg
x735848330798858241,x1037752398754664449,2018-09-06T17:20:27Z,rally4resources,"#ThrowbackThursday 

Allowing First Nations to be apart of new energy projects would be a bold start to reconciliation. That would require a fair process and getting rid of the foreign interference though. #NorthernGateway #TransMountain
#cdnpoli

https://t.co/KWRSfKT3Ip",Twitter for Android,271,NA,NA,NA,FALSE,FALSE,29,13,ThrowbackThursday NorthernGateway TransMountain cdnpoli,NA,business.financialpost.com/commodities/en‚Ä¶,https://t.co/KWRSfKT3Ip,https://business.financialpost.com/commodities/energy/we-are-very-disappointed-loss-of-northern-gateway-devastating-for-many-first-nations-chiefs-say,NA,NA,NA,NA,NA,NA,NA,NA,NA,NA,en,NA,NA,NA,NA,NA,NA,NA,NA,NA,NA,NA,NA,NA,NA,NA,NA,NA,NA,NA,NA,NA,NA,NA,NA,NA,NA,NA,NA,NA,NA,NA,NA,NA,NA,NA,NA,NA NA,NA NA,NA NA NA NA NA NA NA NA,https://twitter.com/rally4resources/status/1037752398754664449,Rally 4 Resources,Canada,Rally 4 Resources is a grassroots movement from Western Canada working tirelessly to promote our resource based industries.,https://t.co/etZa9XjDc4,FALSE,1284,1813,7,2082,2219,2016-05-26T15:01:28Z,FALSE,https://t.co/etZa9XjDc4,http://www.rally4resources.com/,en,https://pbs.twimg.com/profile_banners/735848330798858241/1535911331,NA,http://pbs.twimg.com/profile_images/1023400692872925184/qlgiWIhY_normal.jpg
x333408004,x1037300902384812032,2018-09-05T11:26:21Z,Farrells,The penultimate consultation on the #NorthernGateway is currently underway at @FederationMCR. We are here with @countercontext @ManCityCouncil @UK_FEC and @PlanitIE until 4pm today. Join us for a chat and share your thoughts! https://t.co/uL3SkPiRrS,Twitter for iPhone,225,NA,NA,NA,FALSE,FALSE,0,2,NorthernGateway,NA,NA,NA,NA,http://pbs.twimg.com/media/DmU7qHLXoAAhvAb.jpg,https://t.co/uL3SkPiRrS,https://twitter.com/Farrells/status/1037300902384812032/photo/1,photo,http://pbs.twimg.com/media/DmU7qHLXoAAhvAb.jpg,https://t.co/uL3SkPiRrS,https://twitter.com/Farrells/status/1037300902384812032/photo/1,NA,x785547681649266688 x192845648 x26461381 x885067436017451008 x358096892,FederationMCR countercontext ManCityCouncil UK_FEC PlanitIE,en,NA,NA,NA,NA,NA,NA,NA,NA,NA,NA,NA,NA,NA,NA,NA,NA,NA,NA,NA,NA,NA,NA,NA,NA,NA,NA,NA,NA,NA,NA,NA,NA,NA,NA,NA,NA,NA NA,NA NA,NA NA NA NA NA NA NA NA,https://twitter.com/Farrells/status/1037300902384812032,Farrells,NA,Farrells are internationally recognised architects and urban designers. We believe in placemaking and high quality design that responds to community needs.,https://t.co/a2Ijvpgdc4,FALSE,5985,1233,132,5722,3041,2011-07-11T14:00:41Z,FALSE,https://t.co/a2Ijvpgdc4,http://www.farrells.com,en,https://pbs.twimg.com/profile_banners/333408004/1533125275,http://abs.twimg.com/images/themes/theme1/bg.png,http://pbs.twimg.com/profile_images/674252986114265092/YUfld71__normal.png
x333408004,x1036973921290149888,2018-09-04T13:47:03Z,Farrells,We are at the Abbott Community Primary School until 7pm today with @countercontext @ManCityCouncil @UK_FEC @PlanitIE to talk about the #NorthernGateway proposals. Join us for a coffee and a chat! https://t.co/jWia82prG3,Twitter for iPhone,195,NA,NA,NA,FALSE,FALSE,2,2,NorthernGateway,NA,NA,NA,NA,http://pbs.twimg.com/media/DmQSRz0X4AAIET_.jpg,https://t.co/jWia82prG3,https://twitter.com/Farrells/status/1036973921290149888/photo/1,photo,http://pbs.twimg.com/media/DmQSRz0X4AAIET_.jpg,https://t.co/jWia82prG3,https://twitter.com/Farrells/status/1036973921290149888/photo/1,NA,x192845648 x26461381 x885067436017451008 x358096892,countercontext ManCityCouncil UK_FEC PlanitIE,en,NA,NA,NA,NA,NA,NA,NA,NA,NA,NA,NA,NA,NA,NA,NA,NA,NA,NA,NA,NA,NA,NA,NA,NA,NA,NA,NA,NA,NA,NA,NA,NA,NA,NA,NA,NA,NA NA,NA NA,NA NA NA NA NA NA NA NA,https://twitter.com/Farrells/status/1036973921290149888,Farrells,NA,Farrells are internationally recognised architects and urban designers. We believe in placemaking and high quality design that responds to community needs.,https://t.co/a2Ijvpgdc4,FALSE,5985,1233,132,5722,3041,2011-07-11T14:00:41Z,FALSE,https://t.co/a2Ijvpgdc4,http://www.farrells.com,en,https://pbs.twimg.com/profile_banners/333408004/1533125275,http://abs.twimg.com/images/themes/theme1/bg.png,http://pbs.twimg.com/profile_images/674252986114265092/YUfld71__normal.png
x1686447697,x1037265439661981697,2018-09-05T09:05:26Z,MeadowAngels,Opportunity to view #northerngateway plans at Federation House @NOMA_mcr today 11am-4pm #haveyoursay,Twitter for iPhone,100,x1036645022421188612,x1686447697,MeadowAngels,FALSE,FALSE,2,1,northerngateway haveyoursay,NA,NA,NA,NA,NA,NA,NA,NA,NA,NA,NA,NA,x263199235,NOMA_mcr,en,NA,NA,NA,NA,NA,NA,NA,NA,NA,NA,NA,NA,NA,NA,NA,NA,NA,NA,NA,NA,NA,NA,NA,NA,NA,NA,NA,NA,NA,NA,NA,NA,NA,NA,NA,NA,NA NA,NA NA,NA NA NA NA NA NA NA NA,https://twitter.com/MeadowAngels/status/1037265439661981697,F O A M,Manchester,"Friends of Angel Meadow. Get involved for Gardening Projects, History & Genealogy Study and Local Community Engagement",https://t.co/eO13bfa4zO,FALSE,850,601,18,3461,1838,2013-08-20T18:29:54Z,FALSE,https://t.co/eO13bfa4zO,http://www.friends-of-angel-meadow.org,en,https://pbs.twimg.com/profile_banners/1686447697/1398429152,http://abs.twimg.com/images/themes/theme9/bg.gif,http://pbs.twimg.com/profile_images/459654873739300864/zG4Mabzg_normal.jpeg
x1686447697,x1036645022421188612,2018-09-03T16:00:07Z,MeadowAngels,"#NorthernGateway OPEN DAY EVENTS:

* Tues 4 Sept 2:30pm to 7pm at Abbott Community Primary School M40 7PR

* Wed 5 Sept 11am to 4pm The Federation, @NOMA_mcr Federation House M4 4BF

* Thurs 6 Sept 11am to 4pm Aldbourne Close Retirement Scheme M40 8NE",Twitter for iPhone,251,x1031905114179731457,x1686447697,MeadowAngels,FALSE,FALSE,0,0,NorthernGateway,NA,NA,NA,NA,NA,NA,NA,NA,NA,NA,NA,NA,x263199235,NOMA_mcr,en,NA,NA,NA,NA,NA,NA,NA,NA,NA,NA,NA,NA,NA,NA,NA,NA,NA,NA,NA,NA,NA,NA,NA,NA,NA,NA,NA,NA,NA,NA,NA,NA,NA,NA,NA,NA,NA NA,NA NA,NA NA NA NA NA NA NA NA,https://twitter.com/MeadowAngels/status/1036645022421188612,F O A M,Manchester,"Friends of Angel Meadow. Get involved for Gardening Projects, History & Genealogy Study and Local Community Engagement",https://t.co/eO13bfa4zO,FALSE,850,601,18,3461,1838,2013-08-20T18:29:54Z,FALSE,https://t.co/eO13bfa4zO,http://www.friends-of-angel-meadow.org,en,https://pbs.twimg.com/profile_banners/1686447697/1398429152,http://abs.twimg.com/images/themes/theme9/bg.gif,http://pbs.twimg.com/profile_images/459654873739300864/zG4Mabzg_normal.jpeg
x798670313273888769,x1036931748158947328,2018-09-04T10:59:28Z,jacksbenton,Great to hear about the Northern Gateway vision for the new development plans from @ManCityCouncil and @UK_FEC. Valuable opportunity to learn about how to create healthy and sustainable neighbourhoods #northerngateway https://t.co/Xdv3mQxoew,Twitter for iPhone,217,NA,NA,NA,FALSE,FALSE,2,1,northerngateway,NA,NA,NA,NA,http://pbs.twimg.com/media/DmPr599X0AAF2nv.jpg,https://t.co/Xdv3mQxoew,https://twitter.com/jacksbenton/status/1036931748158947328/photo/1,photo,http://pbs.twimg.com/media/DmPr599X0AAF2nv.jpg,https://t.co/Xdv3mQxoew,https://twitter.com/jacksbenton/status/1036931748158947328/photo/1,NA,x26461381 x885067436017451008,ManCityCouncil UK_FEC,en,NA,NA,NA,NA,NA,NA,NA,NA,NA,NA,NA,NA,NA,NA,NA,NA,NA,NA,NA,NA,NA,NA,NA,NA,NA,NA,NA,NA,NA,NA,NA,NA,NA,NA,NA,NA,NA NA,NA NA,NA NA NA NA NA NA NA NA,https://twitter.com/jacksbenton/status/1036931748158947328,Jack Benton,"Manchester, England","PhD researcher at @OfficialUoM @ManHealthPsych - funded by @ESRC. Interested in how the built environment influences physical activity, health and wellbeing.",NA,FALSE,286,696,6,488,1280,2016-11-15T23:33:36Z,FALSE,NA,NA,en-gb,https://pbs.twimg.com/profile_banners/798670313273888769/1479255570,http://abs.twimg.com/images/themes/theme1/bg.png,http://pbs.twimg.com/profile_images/935083717055348737/zDaFhhJY_normal.jpg
x1077590474,x1036785071414562817,2018-09-04T01:16:38Z,ResourceRulers,".@NatEnergyBoard book launch 

#NEB is referenced 15 times in index of my new book #Resource #Reckoning: 

#EnergyEast #NorthernGateway #Line9 #TMX #ClydeRiver - see powerful video here:

https://t.co/Gcc18QQ2Jv 

RR says get copies for staff required reading for what lies ahead",TweetDeck,279,NA,NA,NA,FALSE,FALSE,0,1,NEB Resource Reckoning EnergyEast NorthernGateway Line9 TMX ClydeRiver,NA,billgallagher.ca,https://t.co/Gcc18QQ2Jv,http://billgallagher.ca,NA,NA,NA,NA,NA,NA,NA,NA,x894071792,NatEnergyBoard,en,NA,NA,NA,NA,NA,NA,NA,NA,NA,NA,NA,NA,NA,NA,NA,NA,NA,NA,NA,NA,NA,NA,NA,NA,NA,NA,NA,NA,NA,NA,NA,NA,NA,NA,NA,NA,NA NA,NA NA,NA NA NA NA NA NA NA NA,https://twitter.com/ResourceRulers/status/1036785071414562817,Bill Gallagher,"Waterloo, Ontario, Canada",Strategist / Lawyer / Author,http://t.co/CIOybS7bez,FALSE,446,92,6,5174,63,2013-01-10T20:18:33Z,FALSE,http://t.co/CIOybS7bez,http://billgallagher.ca,en,https://pbs.twimg.com/profile_banners/1077590474/1393808499,http://abs.twimg.com/images/themes/theme1/bg.png,http://pbs.twimg.com/profile_images/3091946859/99e2f318164c77513a4349cbb0623870_normal.jpeg
x845293844723847168,x1036603724955889665,2018-09-03T13:16:01Z,MCC_AFMTeam,We're at the @IWHCmanchester this afternoon considering the population health and care impacts of the #NorthernGateway regeneration. https://t.co/1HYTqZ50Rf,Twitter for Android,132,NA,NA,NA,FALSE,FALSE,4,2,NorthernGateway,NA,NA,NA,NA,http://pbs.twimg.com/media/DmLBlcjXgAAYYmp.jpg,https://t.co/1HYTqZ50Rf,https://twitter.com/MCC_AFMTeam/status/1036603724955889665/photo/1,photo,http://pbs.twimg.com/media/DmLBlcjXgAAYYmp.jpg,https://t.co/1HYTqZ50Rf,https://twitter.com/MCC_AFMTeam/status/1036603724955889665/photo/1,NA,x568988066,IWHCmanchester,en,NA,NA,NA,NA,NA,NA,NA,NA,NA,NA,NA,NA,NA,NA,NA,NA,NA,NA,NA,NA,NA,NA,NA,NA,NA,NA,NA,NA,NA,NA,NA,NA,NA,NA,NA,NA,NA NA,NA NA,NA NA NA NA NA NA NA NA,https://twitter.com/MCC_AFMTeam/status/1036603724955889665,Age-friendly Mcr,"Manchester, England","Age Friendly Manchester Team. Part of Public Health Manchester. Leading in age friendly neighbourhoods, services, involvement, knowledge & innovation",https://t.co/RMbw07i9YF,FALSE,881,201,6,739,495,2017-03-24T15:18:52Z,FALSE,https://t.co/RMbw07i9YF,http://www.manchester.gov.uk/agefriendly,en,https://pbs.twimg.com/profile_banners/845293844723847168/1508146431,NA,http://pbs.twimg.com/profile_images/845300376727404545/Lxpkmph8_normal.jpg
x141505767,x1036598836196765696,2018-09-03T12:56:36Z,COSMakin,At the #northerngateway Workshop @ManCityCouncil @ManchesterHCC @NorthMcrCO_NHS considering what regeneration means for population health and care https://t.co/ugdkzDEJyX,Twitter for iPhone,146,NA,NA,NA,FALSE,FALSE,13,6,northerngateway,NA,NA,NA,NA,http://pbs.twimg.com/media/DmK9JG4XcAE053q.jpg,https://t.co/ugdkzDEJyX,https://twitter.com/COSMakin/status/1036598836196765696/photo/1,photo,http://pbs.twimg.com/media/DmK9JG4XcAE053q.jpg http://pbs.twimg.com/media/DmK9JG2W4AE57RP.jpg http://pbs.twimg.com/media/DmK9JGwXsAYqwV7.jpg,https://t.co/ugdkzDEJyX https://t.co/ugdkzDEJyX https://t.co/ugdkzDEJyX,https://twitter.com/COSMakin/status/1036598836196765696/photo/1 https://twitter.com/COSMakin/status/1036598836196765696/photo/1 https://twitter.com/COSMakin/status/1036598836196765696/photo/1,NA,x26461381 x21186044 x949289357529288705,ManCityCouncil ManchesterHCC NorthMcrCO_NHS,en,NA,NA,NA,NA,NA,NA,NA,NA,NA,NA,NA,NA,NA,NA,NA,NA,NA,NA,NA,NA,NA,NA,NA,NA,NA,NA,NA,NA,NA,NA,NA,NA,NA,NA,NA,NA,NA NA,NA NA,NA NA NA NA NA NA NA NA,https://twitter.com/COSMakin/status/1036598836196765696,üêù#HelloMyNameisMattüá¨üáßüá™üá∫,North Manchester/Pennine Acute,"Matt Makin Medical Director Pennine Acute and @NorthMcrCO_NHS @BangorUni Palliative Medicine, Ethics,Inequalities @GM_HSC tweets in personal capacity",https://t.co/eKBG0QY9r1,FALSE,2359,1866,85,9823,13580,2010-05-08T07:47:43Z,FALSE,https://t.co/eKBG0QY9r1,http://www.bangor.ac.uk/cohabs/matthew_makin.php.en,en,https://pbs.twimg.com/profile_banners/141505767/1497682260,http://abs.twimg.com/images/themes/theme18/bg.gif,http://pbs.twimg.com/profile_images/964535665437364224/y_q3XcDs_normal.jpg
x14634364,x1036292593368195072,2018-09-02T16:39:42Z,KenChapman46,"Flawed pipeline approval process for #TMX, #ENERGYEAST &amp; #NorthernGateway is proof of the old adage ""If you don't have the time to do it right, when will you find the time to fix it."" #abenergy, #abpoli #cdnpoli #oilsands",Twitter for Android,225,NA,NA,NA,FALSE,FALSE,23,13,TMX ENERGYEAST NorthernGateway abenergy abpoli cdnpoli oilsands,NA,NA,NA,NA,NA,NA,NA,NA,NA,NA,NA,NA,NA,NA,en,NA,NA,NA,NA,NA,NA,NA,NA,NA,NA,NA,NA,NA,NA,NA,NA,NA,NA,NA,NA,NA,NA,NA,NA,NA,NA,NA,NA,NA,NA,NA,NA,NA,NA,NA,NA,NA NA,NA NA,NA NA NA NA NA NA NA NA,https://twitter.com/KenChapman46/status/1036292593368195072,Ken Chapman,The Bitumen Triangle,"As an Albertan and natural resources Owner, I am looking for balanced Triple Bottom Line approach to responsible resource and infrastructure development.",NA,FALSE,9755,8515,377,54944,6198,2008-05-03T03:16:07Z,FALSE,NA,NA,en,NA,http://abs.twimg.com/images/themes/theme5/bg.gif,http://pbs.twimg.com/profile_images/956052566110023680/uCt056qA_normal.jpg
x2424130104,x1035879552713555968,2018-09-01T13:18:25Z,SalishSeaFuture,"@KristenPue Unlike the TOR for the #NorthernGateway JRP, where marine transportation routes were one of three project components, along with the pipeline and the marine terminal.",Twitter for Android,166,x1035221471453474817,x1029662826,KristenPue,FALSE,FALSE,0,0,NorthernGateway,NA,NA,NA,NA,NA,NA,NA,NA,NA,NA,NA,NA,x1029662826,KristenPue,en,NA,NA,NA,NA,NA,NA,NA,NA,NA,NA,NA,NA,NA,NA,NA,NA,NA,NA,NA,NA,NA,NA,NA,NA,NA,NA,NA,NA,NA,NA,NA,NA,NA,NA,NA,NA,NA NA,NA NA,NA NA NA NA NA NA NA NA,https://twitter.com/SalishSeaFuture/status/1035879552713555968,Gerald Graham,"Victoria, British Columbia","Ph. D., Graduate Institute, Geneva. Consultant to The World Bank, OECD, UNESCO, FAO, EU, GTZ, Environment Canada, CIDA, DFO, TC, Global Affairs Canada and INAC.",https://t.co/qblLuQUvNn,FALSE,576,1415,19,13924,5598,2014-04-02T17:37:46Z,FALSE,https://t.co/qblLuQUvNn,https://sites.google.com/site/worldoceanconsulting/,en,NA,http://abs.twimg.com/images/themes/theme1/bg.png,http://pbs.twimg.com/profile_images/701097683952373760/CNT0rFAD_normal.jpg
x770841666131374080,x1042534784986050560,2018-09-19T22:03:56Z,BCvanguards,"@npescod Agreed.  

Canadian oil is also landlocked and discounted due to restricted access to global markets outside of the US.  

More reason to build #TMX #EnergyEast and #NorthernGateway",Twitter Web Client,181,x1042533834368020480,x268500600,npescod,FALSE,FALSE,0,0,TMX EnergyEast NorthernGateway,NA,NA,NA,NA,NA,NA,NA,NA,NA,NA,NA,NA,x268500600,npescod,en,NA,NA,NA,NA,NA,NA,NA,NA,NA,NA,NA,NA,NA,NA,NA,NA,NA,NA,NA,NA,NA,NA,NA,NA,NA,NA,NA,NA,NA,NA,NA,NA,NA,NA,NA,NA,NA NA,NA NA,NA NA NA NA NA NA NA NA,https://twitter.com/BCvanguards/status/1042534784986050560,BCvanguard,NA,NA,NA,FALSE,333,372,13,9253,3277,2016-08-31T04:32:29Z,FALSE,NA,NA,en,https://pbs.twimg.com/profile_banners/770841666131374080/1520963278,NA,http://pbs.twimg.com/profile_images/973624486502084608/U4sEx_-E_normal.jpg
x770841666131374080,x1040189699615150080,2018-09-13T10:45:24Z,BCvanguards,"Canada‚Äôs Crude-By-Rail Exports Surge To Record.

How is this better than shipping oil through a pipeline?

Crickets from the eco-zealots.
#energyeast
#northerngateway
#TransMountain

 https://t.co/9C81G4sL6Y https://t.co/xxACZCRgsV #oilprice",Twitter for Android,241,NA,NA,NA,FALSE,FALSE,1,2,energyeast northerngateway TransMountain oilprice,NA,OilPrice.com oilprice.com/Latest-Energy-‚Ä¶,https://t.co/9C81G4sL6Y https://t.co/xxACZCRgsV,http://OilPrice.com https://oilprice.com/Latest-Energy-News/World-News/Canadas-Crude-By-Rail-Exports-Surge-To-Record.html,NA,NA,NA,NA,NA,NA,NA,NA,NA,NA,en,NA,NA,NA,NA,NA,NA,NA,NA,NA,NA,NA,NA,NA,NA,NA,NA,NA,NA,NA,NA,NA,NA,NA,NA,NA,NA,NA,NA,NA,NA,NA,NA,NA,NA,NA,NA,NA NA,NA NA,NA NA NA NA NA NA NA NA,https://twitter.com/BCvanguards/status/1040189699615150080,BCvanguard,NA,NA,NA,FALSE,333,372,13,9253,3277,2016-08-31T04:32:29Z,FALSE,NA,NA,en,https://pbs.twimg.com/profile_banners/770841666131374080/1520963278,NA,http://pbs.twimg.com/profile_images/973624486502084608/U4sEx_-E_normal.jpg
x770841666131374080,x1040104270693953536,2018-09-13T05:05:56Z,BCvanguards,"US is now world's largest oil producer.   Meanwhile, in the Great White North, Canadians fight over pipelines while selling deeply discounted oil into a saturated US market.

Bravo Team Trudeau.   #EnergyEast #NorthernGateway #TransMountain 

https://t.co/BWphi63Zp6",Twitter Web Client,266,NA,NA,NA,FALSE,FALSE,2,0,EnergyEast NorthernGateway TransMountain,NA,cbc.ca/news/business/‚Ä¶,https://t.co/BWphi63Zp6,https://www.cbc.ca/news/business/u-s-oil-production-1.4820857,NA,NA,NA,NA,NA,NA,NA,NA,NA,NA,en,NA,NA,NA,NA,NA,NA,NA,NA,NA,NA,NA,NA,NA,NA,NA,NA,NA,NA,NA,NA,NA,NA,NA,NA,NA,NA,NA,NA,NA,NA,NA,NA,NA,NA,NA,NA,NA NA,NA NA,NA NA NA NA NA NA NA NA,https://twitter.com/BCvanguards/status/1040104270693953536,BCvanguard,NA,NA,NA,FALSE,333,372,13,9253,3277,2016-08-31T04:32:29Z,FALSE,NA,NA,en,https://pbs.twimg.com/profile_banners/770841666131374080/1520963278,NA,http://pbs.twimg.com/profile_images/973624486502084608/U4sEx_-E_normal.jpg
x608835608,x1042505912097812486,2018-09-19T20:09:12Z,joan_rollins,@VanStreetDog @CityofBurnaby @JustinTrudeau @CampCloud China gets MOST of its oil from #Siberian pipelines. Never mentioned by the #BCLibs trying to ram the #NorthernGateway thro; but was in my Intervenor statement to #NEB Jan 2012 in Vict. Alas I ran out of time allowed!,Twitter Web Client,217,x1042501372694810625,x468732172,VanStreetDog,FALSE,FALSE,0,1,Siberian BCLibs NorthernGateway NEB,NA,NA,NA,NA,NA,NA,NA,NA,NA,NA,NA,NA,x468732172 x518900540 x14260960 x201850348,VanStreetDog CityofBurnaby JustinTrudeau CampCloud,en,NA,NA,NA,NA,NA,NA,NA,NA,NA,NA,NA,NA,NA,NA,NA,NA,NA,NA,NA,NA,NA,NA,NA,NA,NA,NA,NA,NA,NA,NA,NA,NA,NA,NA,NA,NA,NA NA,NA NA,NA NA NA NA NA NA NA NA,https://twitter.com/joan_rollins/status/1042505912097812486,Joan Rollins,NW Pacific 'Lotus-Land',Journo 1980s~E.Africanüáπüáøüá∞üá™ Bushkid~where myüíìremains~Battling #Poachers #BloodIvoryüêò#TrophyKillers Will call your BS & raise you 5¬¢ ||Spoonfed politics @ 8,NA,FALSE,1437,1278,166,62578,17205,2012-06-15T06:33:00Z,FALSE,NA,NA,en,https://pbs.twimg.com/profile_banners/608835608/1535329893,http://abs.twimg.com/images/themes/theme1/bg.png,http://pbs.twimg.com/profile_images/1042251034851082240/ySuuygvz_normal.jpg
x1006589060754780162,x1041807277462740992,2018-09-17T21:53:05Z,SuitsAndBootsCA,"The problem isn't guidance. 
The problem is that the goal posts keep shifting. 
1st-#NorthernGateway
Now-#TMX
The Gov's response: 
A project killing Bill #C69
Our Response: 
#KillBillC69
@ratnaomi @SenSaintGermain
#bcpoli #abpoli #cdnpoli #cdnsenate #qcpoli #ableg #TMX #onpoli https://t.co/0QmcQUnJba",Twitter Web Client,277,NA,NA,NA,TRUE,FALSE,11,4,NorthernGateway TMX C69 KillBillC69 bcpoli abpoli cdnpoli cdnsenate qcpoli ableg TMX onpoli,NA,twitter.com/lheidli1/statu‚Ä¶,https://t.co/0QmcQUnJba,https://twitter.com/lheidli1/status/1041797979915472897,NA,NA,NA,NA,NA,NA,NA,NA,x112475398 x909566708003872769,ratnaomi SenSaintGermain,en,x1041797979915472897,Pipeline plan coming by end of month - possibly guided by a former judge | CBC News https://t.co/c6JGuH9UNH,2018-09-17T21:16:08Z,Twitter Web Client,3,1,x961366855632867328,lheidli1,db,89,1168,1048,"Burnaby, British Columbia",special advisor on all things great and small...sometimes. personal account. RTs are not endorsements!,FALSE,NA,NA,NA,NA,NA,NA,NA,NA,NA,NA,NA,NA,NA,NA,NA,NA,NA,NA,NA,NA,NA,NA NA,NA NA,NA NA NA NA NA NA NA NA,https://twitter.com/SuitsAndBootsCA/status/1041807277462740992,Suits and Boots Canada,Canada,We are a not-for-profit organization of investment industry professionals who support Canada‚Äôs resource sector. #KillBillC69,https://t.co/2u31SVic56,FALSE,2097,4591,13,1181,1126,2018-06-12T17:28:28Z,FALSE,https://t.co/2u31SVic56,https://suitsandboots.ca/,en,https://pbs.twimg.com/profile_banners/1006589060754780162/1528824756,NA,http://pbs.twimg.com/profile_images/1006589921975459840/yNrwPFwe_normal.jpg
x1006589060754780162,x1039242229032906752,2018-09-10T20:00:30Z,SuitsAndBootsCA,"""The cost to SK, by not having projects like #TMX, #EnergyEast, #NorthernGateway, not having that ample access to world markets, is about $2.6B""
@PremierScottMoe 
2018: CDN will lose $15B due to lack of pipelines 
We can't afford #C69
#KillBillC69
#bcpoli #abpoli #cdnpoli #skpoli https://t.co/GVVRZQPskF",Hootsuite Inc.,280,NA,NA,NA,FALSE,FALSE,13,7,TMX EnergyEast NorthernGateway C69 KillBillC69 bcpoli abpoli cdnpoli skpoli,NA,NA,NA,NA,http://pbs.twimg.com/media/DmwhTLnVsAEuBc6.jpg,https://t.co/GVVRZQPskF,https://twitter.com/SuitsAndBootsCA/status/1039242229032906752/photo/1,photo,http://pbs.twimg.com/media/DmwhTLnVsAEuBc6.jpg,https://t.co/GVVRZQPskF,https://twitter.com/SuitsAndBootsCA/status/1039242229032906752/photo/1,NA,x204646101,PremierScottMoe,en,NA,NA,NA,NA,NA,NA,NA,NA,NA,NA,NA,NA,NA,NA,NA,NA,NA,NA,NA,NA,NA,NA,NA,NA,NA,NA,NA,NA,NA,NA,NA,NA,NA,NA,NA,NA,NA NA,NA NA,NA NA NA NA NA NA NA NA,https://twitter.com/SuitsAndBootsCA/status/1039242229032906752,Suits and Boots Canada,Canada,We are a not-for-profit organization of investment industry professionals who support Canada‚Äôs resource sector. #KillBillC69,https://t.co/2u31SVic56,FALSE,2097,4591,13,1181,1126,2018-06-12T17:28:28Z,FALSE,https://t.co/2u31SVic56,https://suitsandboots.ca/,en,https://pbs.twimg.com/profile_banners/1006589060754780162/1528824756,NA,http://pbs.twimg.com/profile_images/1006589921975459840/yNrwPFwe_normal.jpg
x1006589060754780162,x1041449164897435648,2018-09-16T22:10:04Z,SuitsAndBootsCA,"""With the cancellation of major projects like...#EnergyEast ....@Enbridge's #NorthernGateway project, along with uncertainties related to the existing ones, things have gone from bad to worse for #investors in the CDN #oil #energy space""
-@Nasdaq 
#bcpoli #abpoli #cdnpoli #ableg",Hootsuite Inc.,279,NA,NA,NA,FALSE,FALSE,22,24,EnergyEast NorthernGateway investors oil energy bcpoli abpoli cdnpoli ableg,NA,NA,NA,NA,NA,NA,NA,NA,NA,NA,NA,NA,x84181532 x18639734,Enbridge Nasdaq,en,NA,NA,NA,NA,NA,NA,NA,NA,NA,NA,NA,NA,NA,NA,NA,NA,NA,NA,NA,NA,NA,NA,NA,NA,NA,NA,NA,NA,NA,NA,NA,NA,NA,NA,NA,NA,NA NA,NA NA,NA NA NA NA NA NA NA NA,https://twitter.com/SuitsAndBootsCA/status/1041449164897435648,Suits and Boots Canada,Canada,We are a not-for-profit organization of investment industry professionals who support Canada‚Äôs resource sector. #KillBillC69,https://t.co/2u31SVic56,FALSE,2097,4591,13,1181,1126,2018-06-12T17:28:28Z,FALSE,https://t.co/2u31SVic56,https://suitsandboots.ca/,en,https://pbs.twimg.com/profile_banners/1006589060754780162/1528824756,NA,http://pbs.twimg.com/profile_images/1006589921975459840/yNrwPFwe_normal.jpg
x1006589060754780162,x1039589454242037760,2018-09-11T19:00:15Z,SuitsAndBootsCA,"Cancelled projects:
#EnergyEast: $15.1 billion
Pacific NW #LNG: $35 billion
#NorthernGateway: $7.9 billion
#AuroraLNG: $28 billion
#GPLNG: $15 billion
Conclusion: We don't need more red tape - We need to #KillBillC69
@PercyDowne @SenTMM 
#KillBillC69
#bcpoli #abpoli #cdnpoli",Hootsuite Inc.,275,NA,NA,NA,FALSE,FALSE,24,13,EnergyEast LNG NorthernGateway AuroraLNG GPLNG KillBillC69 KillBillC69 bcpoli abpoli cdnpoli,NA,NA,NA,NA,NA,NA,NA,NA,NA,NA,NA,NA,x149212376 x312872669,PercyDowne SenTMM,en,NA,NA,NA,NA,NA,NA,NA,NA,NA,NA,NA,NA,NA,NA,NA,NA,NA,NA,NA,NA,NA,NA,NA,NA,NA,NA,NA,NA,NA,NA,NA,NA,NA,NA,NA,NA,NA NA,NA NA,NA NA NA NA NA NA NA NA,https://twitter.com/SuitsAndBootsCA/status/1039589454242037760,Suits and Boots Canada,Canada,We are a not-for-profit organization of investment industry professionals who support Canada‚Äôs resource sector. #KillBillC69,https://t.co/2u31SVic56,FALSE,2097,4591,13,1181,1126,2018-06-12T17:28:28Z,FALSE,https://t.co/2u31SVic56,https://suitsandboots.ca/,en,https://pbs.twimg.com/profile_banners/1006589060754780162/1528824756,NA,http://pbs.twimg.com/profile_images/1006589921975459840/yNrwPFwe_normal.jpg
x390991550,x1041400252664897536,2018-09-16T18:55:43Z,CanadiansInvest,"Stark contrast between U.S. energy boom, Canada's lethargy - https://t.co/fVfgj4Fe2Y #CanadianInvestor #CanadiansInvest #CanadaEnergySector #NorthernGateway #EnergyEast https://t.co/fmk1fhbGhJ",AutopostCI,168,NA,NA,NA,FALSE,FALSE,0,0,CanadianInvestor CanadiansInvest CanadaEnergySector NorthernGateway EnergyEast,NA,canadianinvestor.com/2018/09/16/sta‚Ä¶,https://t.co/fVfgj4Fe2Y,https://www.canadianinvestor.com/2018/09/16/stark-contrast-between-u-s-energy-boom-canadas-lethargy/,http://pbs.twimg.com/media/DnPMApmU0AATm2d.jpg,https://t.co/fmk1fhbGhJ,https://twitter.com/CanadiansInvest/status/1041400252664897536/photo/1,photo,http://pbs.twimg.com/media/DnPMApmU0AATm2d.jpg,https://t.co/fmk1fhbGhJ,https://twitter.com/CanadiansInvest/status/1041400252664897536/photo/1,NA,NA,NA,en,NA,NA,NA,NA,NA,NA,NA,NA,NA,NA,NA,NA,NA,NA,NA,NA,NA,NA,NA,NA,NA,NA,NA,NA,NA,NA,NA,NA,NA,NA,NA,NA,NA,NA,NA,NA,NA NA,NA NA,NA NA NA NA NA NA NA NA,https://twitter.com/CanadiansInvest/status/1041400252664897536,Canadian Investor,"Vancouver, British Columbia","Canadian Investor reports on investment opportunities in various industries including: mining, technology, cannabis, biotech, real estate and finance.",https://t.co/Dsy2f6muZW,FALSE,1793,76,41,2509,375,2011-10-14T21:37:27Z,FALSE,https://t.co/Dsy2f6muZW,http://www.canadianinvestor.com,en,https://pbs.twimg.com/profile_banners/390991550/1536686136,http://abs.twimg.com/images/themes/theme14/bg.gif,http://pbs.twimg.com/profile_images/1039561533129248768/RR7oOz6N_normal.jpg
x14634364,x1041153173837111296,2018-09-16T02:33:54Z,KenChapman46,What's the difference now re political discretion on  natural resource project approvals? We saw #HarperCons exercise so much abusive political discretion the Courts denounced his govt in #NorthernGateway review. #Bill69 may have flaws but the 10 reasons are very weak rebuttals! https://t.co/g13iKSjxYO,Twitter for Android,279,NA,NA,NA,TRUE,FALSE,2,0,HarperCons NorthernGateway Bill69,NA,twitter.com/john_roggeveen‚Ä¶,https://t.co/g13iKSjxYO,https://twitter.com/john_roggeveen/status/1041007254869237760,NA,NA,NA,NA,NA,NA,NA,NA,NA,NA,en,x1041007254869237760,@LiciaCorbella @RobMeekel This is how free trade and globalisation create a race to the bottom. Standards must be lowered or investors go where the standards are lower.,2018-09-15T16:54:05Z,Twitter for Android,0,0,x520498981,john_roggeveen,John Roggeveen,313,272,8037,"Calgary, Alberta, Canada",NA,FALSE,NA,NA,NA,NA,NA,NA,NA,NA,NA,NA,NA,NA,NA,NA,NA,NA,NA,NA,NA,NA,NA,NA NA,NA NA,NA NA NA NA NA NA NA NA,https://twitter.com/KenChapman46/status/1041153173837111296,Ken Chapman,The Bitumen Triangle,"As an Albertan and natural resources Owner, I am looking for balanced Triple Bottom Line approach to responsible resource and infrastructure development.",NA,FALSE,9769,8540,377,55128,6237,2008-05-03T03:16:07Z,FALSE,NA,NA,en,NA,http://abs.twimg.com/images/themes/theme5/bg.gif,http://pbs.twimg.com/profile_images/956052566110023680/uCt056qA_normal.jpg
x917828058526052352,x1041083230026268672,2018-09-15T21:55:59Z,BobMakenzie1,"Canada‚Äôs Oil Sands in Alberta are 0.15% of Global emissions. This Trillion dollar world class industry is being destroyed by Trudeau &amp; the Liberals/NDP/Greens
#TransMountain #EnergyEast #NorthernGateway #cdnpoli #ableg #abpoli #bcpoli #mbpoli #PEI #nspoli #nbpoli #onpoli #qcpoli https://t.co/MkmBqKnXmM",Twitter for iPhone,283,x1041081747037814785,x917828058526052352,BobMakenzie1,FALSE,FALSE,4,5,TransMountain EnergyEast NorthernGateway cdnpoli ableg abpoli bcpoli mbpoli PEI nspoli nbpoli onpoli qcpoli,NA,NA,NA,NA,http://pbs.twimg.com/media/DnKrraLUcAAAiZW.jpg,https://t.co/MkmBqKnXmM,https://twitter.com/BobMakenzie1/status/1041083230026268672/photo/1,photo,http://pbs.twimg.com/media/DnKrraLUcAAAiZW.jpg,https://t.co/MkmBqKnXmM,https://twitter.com/BobMakenzie1/status/1041083230026268672/photo/1,NA,NA,NA,en,NA,NA,NA,NA,NA,NA,NA,NA,NA,NA,NA,NA,NA,NA,NA,NA,NA,NA,NA,NA,NA,NA,NA,NA,NA,NA,NA,NA,NA,NA,NA,NA,NA,NA,NA,NA,NA NA,NA NA,NA NA NA NA NA NA NA NA,https://twitter.com/BobMakenzie1/status/1041083230026268672,MR. Bob Makenzie,NA,Canada. Freedom isn't free. üá®üá¶üá∫üá∏üá¨üáßüá¶üá∫ üáØüáµüáµüá±üá≥üá±,NA,FALSE,1417,1359,5,32010,27413,2017-10-10T19:03:56Z,FALSE,NA,NA,en,https://pbs.twimg.com/profile_banners/917828058526052352/1533092678,NA,http://pbs.twimg.com/profile_images/917830538785808384/B842zMtS_normal.jpg
x917828058526052352,x1039980560880287744,2018-09-12T20:54:22Z,BobMakenzie1,#MarrisaShen #TorontoShooting #EdmontonAttack #HijabHoax #ISIS #M103 #Debt #CarbonTax #EnergyEast #NorthernGateway #TransMountain #BillC33 #Censorship #PeopleKind #BillC69 https://t.co/pQ2WrXFmbY,Twitter for iPhone,171,NA,NA,NA,TRUE,FALSE,2,1,MarrisaShen TorontoShooting EdmontonAttack HijabHoax ISIS M103 Debt CarbonTax EnergyEast NorthernGateway TransMountain BillC33 Censorship PeopleKind BillC69,NA,twitter.com/justintrudeau/‚Ä¶,https://t.co/pQ2WrXFmbY,https://twitter.com/justintrudeau/status/1039952079207522305,NA,NA,NA,NA,NA,NA,NA,NA,NA,NA,und,x1039952079207522305,"Kicking off our caucus meeting in Saskatoon - our focus has been and will continue to be on making a real difference in people‚Äôs lives, and delivering results for Canadians. https://t.co/ROvyvExuwK",2018-09-12T19:01:11Z,Twitter for iPhone,1562,238,x14260960,JustinTrudeau,Justin Trudeau,4324981,959,20040,Papineau,Account run by the 23rd Prime Minister of Canada and staff‚Ä¶ Compte g√©r√© par le 23e premier ministre du Canada et personnel.,TRUE,NA,NA,NA,NA,NA,NA,NA,NA,NA,NA,NA,NA,NA,NA,NA,NA,NA,NA,NA,NA,NA,NA NA,NA NA,NA NA NA NA NA NA NA NA,https://twitter.com/BobMakenzie1/status/1039980560880287744,MR. Bob Makenzie,NA,Canada. Freedom isn't free. üá®üá¶üá∫üá∏üá¨üáßüá¶üá∫ üáØüáµüáµüá±üá≥üá±,NA,FALSE,1417,1359,5,32010,27413,2017-10-10T19:03:56Z,FALSE,NA,NA,en,https://pbs.twimg.com/profile_banners/917828058526052352/1533092678,NA,http://pbs.twimg.com/profile_images/917830538785808384/B842zMtS_normal.jpg
x917828058526052352,x1040032271674224642,2018-09-13T00:19:51Z,BobMakenzie1,"Relentlessly Rising Wealth Disparity Threatens To Destabilize Canada. 
#TrudeauMustGo #cdnpoli #Taxes #DEBT #MiddleClass #LPC #TransMountain #EnergyEast #NorthernGateway #Economy #ableg #bcpoli #skpoli #abpoli 

 https://t.co/sot1vVJtDJ",Twitter for iPhone,236,NA,NA,NA,FALSE,FALSE,0,1,TrudeauMustGo cdnpoli Taxes DEBT MiddleClass LPC TransMountain EnergyEast NorthernGateway Economy ableg bcpoli skpoli abpoli,NA,m.huffingtonpost.ca/amp/2018/09/10‚Ä¶,https://t.co/sot1vVJtDJ,https://m.huffingtonpost.ca/amp/2018/09/10/income-inequality-lars-osberg-book-canada_a_23522815/?__twitter_impression=true,NA,NA,NA,NA,NA,NA,NA,NA,NA,NA,en,NA,NA,NA,NA,NA,NA,NA,NA,NA,NA,NA,NA,NA,NA,NA,NA,NA,NA,NA,NA,NA,NA,NA,NA,NA,NA,NA,NA,NA,NA,NA,NA,NA,NA,NA,NA,NA NA,NA NA,NA NA NA NA NA NA NA NA,https://twitter.com/BobMakenzie1/status/1040032271674224642,MR. Bob Makenzie,NA,Canada. Freedom isn't free. üá®üá¶üá∫üá∏üá¨üáßüá¶üá∫ üáØüáµüáµüá±üá≥üá±,NA,FALSE,1417,1359,5,32010,27413,2017-10-10T19:03:56Z,FALSE,NA,NA,en,https://pbs.twimg.com/profile_banners/917828058526052352/1533092678,NA,http://pbs.twimg.com/profile_images/917830538785808384/B842zMtS_normal.jpg
x1720729112,x1039669485710372864,2018-09-12T00:18:16Z,KozyMel99,@acoyne @RosieBarton @JustinTrudeau could have approved #NorthernGateway ... #ButHeDidnt,Twitter for Android,67,x1039653319361232897,x3079986094,acoyne,FALSE,FALSE,0,0,NorthernGateway ButHeDidnt,NA,NA,NA,NA,NA,NA,NA,NA,NA,NA,NA,NA,x3079986094 x75050644 x14260960,acoyne RosieBarton JustinTrudeau,en,NA,NA,NA,NA,NA,NA,NA,NA,NA,NA,NA,NA,NA,NA,NA,NA,NA,NA,NA,NA,NA,NA,NA,NA,NA,NA,NA,NA,NA,NA,NA,NA,NA,NA,NA,NA,NA NA,NA NA,NA NA NA NA NA NA NA NA,https://twitter.com/KozyMel99/status/1039669485710372864,Mel,NA,NA,NA,FALSE,25,15,0,2866,1235,2013-09-02T00:55:53Z,FALSE,NA,NA,en,NA,http://abs.twimg.com/images/themes/theme1/bg.png,http://pbs.twimg.com/profile_images/511933203095908352/owfQpxXe_normal.jpeg
x3305205695,x1045786270407041024,2018-09-28T21:24:11Z,team5672,#team5672 David presenting chairman award strengths #northerngateway #Anishinaabe #leaders #eshkiniijig #Wiikwemkoong https://t.co/5VYmvkiXPG,Twitter for iPhone,117,NA,NA,NA,FALSE,FALSE,4,1,team5672 northerngateway Anishinaabe leaders eshkiniijig Wiikwemkoong,NA,NA,NA,NA,http://pbs.twimg.com/media/DoNhETqW0AUFaIB.jpg,https://t.co/5VYmvkiXPG,https://twitter.com/team5672/status/1045786270407041024/photo/1,photo,http://pbs.twimg.com/media/DoNhETqW0AUFaIB.jpg,https://t.co/5VYmvkiXPG,https://twitter.com/team5672/status/1045786270407041024/photo/1,NA,NA,NA,en,NA,NA,NA,NA,NA,NA,NA,NA,NA,NA,NA,NA,NA,NA,NA,NA,NA,NA,NA,NA,NA,NA,NA,NA,NA,NA,NA,NA,NA,NA,NA,NA,NA,NA,NA,NA,NA NA,NA NA,NA NA NA NA NA NA NA NA,https://twitter.com/team5672/status/1045786270407041024,Team5672,"Wikwemikong Unceded, Ontario","All First Nation robotics team from Wikwemikong Unceded Territory, Manitoulin Island. Promoting First Nations STEM and Anishinabe Engineering.",https://t.co/tBsVZm0ZbM,FALSE,283,235,5,718,628,2015-06-01T00:53:59Z,FALSE,https://t.co/tBsVZm0ZbM,http://team5672.weebly.com/,en,https://pbs.twimg.com/profile_banners/3305205695/1519238925,http://abs.twimg.com/images/themes/theme1/bg.png,http://pbs.twimg.com/profile_images/778664303435984896/14bKc3Qd_normal.jpg
x1686447697,x1045659333915291648,2018-09-28T12:59:47Z,MeadowAngels,"... significant flooding risk, no policing strategy in recognition of current problems in high density estates, land banking, subjective ¬£1Billion valuation despite lack of market conviction market in #NOMA to deliver on 2009 SRF in nearly 10 years #NorthernGateway",Twitter Web Client,265,x1045657737206681600,x1686447697,MeadowAngels,FALSE,FALSE,1,1,NOMA NorthernGateway,NA,NA,NA,NA,NA,NA,NA,NA,NA,NA,NA,NA,NA,NA,en,NA,NA,NA,NA,NA,NA,NA,NA,NA,NA,NA,NA,NA,NA,NA,NA,NA,NA,NA,NA,NA,NA,NA,NA,NA,NA,NA,NA,NA,NA,NA,NA,NA,NA,NA,NA,NA NA,NA NA,NA NA NA NA NA NA NA NA,https://twitter.com/MeadowAngels/status/1045659333915291648,F O A M,Manchester,"Friends of Angel Meadow. Get involved for Gardening Projects, History & Genealogy Study and Local Community Engagement",https://t.co/eO13bfa4zO,FALSE,859,604,18,3511,1876,2013-08-20T18:29:54Z,FALSE,https://t.co/eO13bfa4zO,http://www.friends-of-angel-meadow.org,en,https://pbs.twimg.com/profile_banners/1686447697/1398429152,http://abs.twimg.com/images/themes/theme9/bg.gif,http://pbs.twimg.com/profile_images/459654873739300864/zG4Mabzg_normal.jpeg
x1686447697,x1045657737206681600,2018-09-28T12:53:26Z,MeadowAngels,"No new primary or secondary schools, (additional burden on existing failing schools), no new health centre or hospital provision (burdening the failing North Manchester General), loss of significant established greenspace at Sandhill sold for more development... #NorthernGateway https://t.co/y3n0eXaiSX",Twitter Web Client,279,NA,NA,NA,TRUE,FALSE,3,1,NorthernGateway,NA,twitter.com/MeadowAngels/s‚Ä¶,https://t.co/y3n0eXaiSX,https://twitter.com/MeadowAngels/status/1045655285644361728,NA,NA,NA,NA,NA,NA,NA,NA,NA,NA,en,x1045655285644361728,"COMMENT BY 1st OCTOBER. 

KEY QUESTIONS FROM @MeadowAngels : https://t.co/CSMVSHP9gj",2018-09-28T12:43:42Z,Twitter Web Client,0,0,x1686447697,MeadowAngels,F O A M,859,604,3511,Manchester,"Friends of Angel Meadow. Get involved for Gardening Projects, History & Genealogy Study and Local Community Engagement",FALSE,NA,NA,NA,NA,NA,NA,NA,NA,NA,NA,NA,NA,NA,NA,NA,NA,NA,NA,NA,NA,NA,NA NA,NA NA,NA NA NA NA NA NA NA NA,https://twitter.com/MeadowAngels/status/1045657737206681600,F O A M,Manchester,"Friends of Angel Meadow. Get involved for Gardening Projects, History & Genealogy Study and Local Community Engagement",https://t.co/eO13bfa4zO,FALSE,859,604,18,3511,1876,2013-08-20T18:29:54Z,FALSE,https://t.co/eO13bfa4zO,http://www.friends-of-angel-meadow.org,en,https://pbs.twimg.com/profile_banners/1686447697/1398429152,http://abs.twimg.com/images/themes/theme9/bg.gif,http://pbs.twimg.com/profile_images/459654873739300864/zG4Mabzg_normal.jpeg
x3341314780,x1045229606775738368,2018-09-27T08:32:12Z,WildbrookNeil,Nice packed room at the @PlaceNorthWest Greater Manchester Development Update Series #NorthernGateway #TraffordCivicQuarter #Salford #development https://t.co/lOyG6p5gK6,Twitter for iPhone,145,NA,NA,NA,FALSE,FALSE,5,3,NorthernGateway TraffordCivicQuarter Salford development,NA,NA,NA,NA,http://pbs.twimg.com/media/DoFmyJGXoAADImB.jpg,https://t.co/lOyG6p5gK6,https://twitter.com/WildbrookNeil/status/1045229606775738368/photo/1,photo,http://pbs.twimg.com/media/DoFmyJGXoAADImB.jpg,https://t.co/lOyG6p5gK6,https://twitter.com/WildbrookNeil/status/1045229606775738368/photo/1,NA,x264067041,PlaceNorthWest,en,NA,NA,NA,NA,NA,NA,NA,NA,NA,NA,NA,NA,NA,NA,NA,NA,NA,NA,NA,NA,NA,NA,NA,NA,NA,NA,NA,NA,NA,NA,NA,NA,NA,NA,NA,NA,NA NA,NA NA,NA NA NA NA NA NA NA NA,https://twitter.com/WildbrookNeil/status/1045229606775738368,Neil Higson,"XYZ Building, Spinningfields","CREI Agent & Iron Man. Love doing deals. Spreadsheets 0 Higson 1. Put the kettle on, I‚Äôll bring the biscuits @WildbrookCRE https://t.co/V778ZGzWg2",https://t.co/6nCrRYvjLN,FALSE,649,921,41,1191,1650,2015-06-22T12:55:15Z,FALSE,https://t.co/6nCrRYvjLN,http://www.wildbrookcre.co.uk,en,https://pbs.twimg.com/profile_banners/3341314780/1522937463,http://abs.twimg.com/images/themes/theme1/bg.png,http://pbs.twimg.com/profile_images/886636138286460929/DOQFB5aD_normal.jpg
x273850752,x1045228588381949953,2018-09-27T08:28:09Z,GreengageEnv,Exciting opportunity for the #Northerngateway from @Farrells at #placenorthwest @PlaceNorthWest and use of #lowcarbon framework and #greeninfrastructure https://t.co/Dvj6p2QXiQ,Twitter for iPhone,152,NA,NA,NA,FALSE,FALSE,4,1,Northerngateway placenorthwest lowcarbon greeninfrastructure,NA,NA,NA,NA,http://pbs.twimg.com/media/DoFl215WsAAJtbF.jpg,https://t.co/Dvj6p2QXiQ,https://twitter.com/GreengageEnv/status/1045228588381949953/photo/1,photo,http://pbs.twimg.com/media/DoFl215WsAAJtbF.jpg,https://t.co/Dvj6p2QXiQ,https://twitter.com/GreengageEnv/status/1045228588381949953/photo/1,NA,x333408004 x264067041,Farrells PlaceNorthWest,en,NA,NA,NA,NA,NA,NA,NA,NA,NA,NA,NA,NA,NA,NA,NA,NA,NA,NA,NA,NA,NA,NA,NA,NA,NA,NA,NA,NA,NA,NA,NA,NA,NA,NA,NA,NA,NA NA,NA NA,NA NA NA NA NA NA NA NA,https://twitter.com/GreengageEnv/status/1045228588381949953,Greengage,"64 Great Suffolk St., London",Greengage Environmental is an independent sustainability and environmental consultancy known for providing bespoke consultancy advice.,http://t.co/qUapFjLAmt,FALSE,1265,1887,91,3908,1181,2011-03-29T08:30:35Z,FALSE,http://t.co/qUapFjLAmt,http://www.greengage-env.com,en,https://pbs.twimg.com/profile_banners/273850752/1537275422,http://abs.twimg.com/images/themes/theme1/bg.png,http://pbs.twimg.com/profile_images/2033275119/Fruit_lrg_normal.jpg
x1281556106,x1045227651814871040,2018-09-27T08:24:26Z,Jrharper23,Interesting to hear about @Farrells plans for the #NorthernGateway at the @PlaceNorthWest Greater Manchester Update.  @RapleysLLP https://t.co/BX0YaQRWZL,Twitter for iPhone,129,NA,NA,NA,FALSE,FALSE,3,0,NorthernGateway,NA,NA,NA,NA,http://pbs.twimg.com/media/DoFk_wJWkAAYi1s.jpg,https://t.co/BX0YaQRWZL,https://twitter.com/Jrharper23/status/1045227651814871040/photo/1,photo,http://pbs.twimg.com/media/DoFk_wJWkAAYi1s.jpg,https://t.co/BX0YaQRWZL,https://twitter.com/Jrharper23/status/1045227651814871040/photo/1,NA,x333408004 x264067041 x1098296479,Farrells PlaceNorthWest RapleysLLP,en,NA,NA,NA,NA,NA,NA,NA,NA,NA,NA,NA,NA,NA,NA,NA,NA,NA,NA,NA,NA,NA,NA,NA,NA,NA,NA,NA,NA,NA,NA,NA,NA,NA,NA,NA,NA,NA NA,NA NA,NA NA NA NA NA NA NA NA,https://twitter.com/Jrharper23/status/1045227651814871040,Jonathan Harper,"Manchester, United Kingdom","Senior Associate at Rapleys LLP, Property Enthusiast, University of Manchester Graduate (these views are my own)",https://t.co/GfSAONzXzx,FALSE,39,172,2,101,1,2013-03-19T21:24:05Z,FALSE,https://t.co/GfSAONzXzx,http://uk.linkedin.com/pub/jonathan-harper/65/698/a70,en,NA,http://abs.twimg.com/images/themes/theme1/bg.png,http://pbs.twimg.com/profile_images/931176309899874304/Y-Y6yv0p_normal.jpg
x370422357,x1044728961496887296,2018-09-25T23:22:49Z,miket136,Hey @RachelNotley; when Trudeau's cabinet declines to re-approve the pipeline after the NEB marine review will you still be glad you allowed #EnergyEast and #NorthernGateway to go down without a fight? @gmbutts has played you like a fiddle #ableg #cdnpoli https://t.co/NnmZP3xRZP,Twitter Web Client,279,NA,NA,NA,FALSE,FALSE,27,9,EnergyEast NorthernGateway ableg cdnpoli,NA,globalnews.ca/news/4486319/t‚Ä¶,https://t.co/NnmZP3xRZP,https://globalnews.ca/news/4486319/trans-mountain-expansion-killer-whales/?utm_source=%40globalnews&utm_medium=Twitter,NA,NA,NA,NA,NA,NA,NA,NA,x42836999 x212621119,RachelNotley gmbutts,en,NA,NA,NA,NA,NA,NA,NA,NA,NA,NA,NA,NA,NA,NA,NA,NA,NA,NA,NA,NA,NA,NA,NA,NA,NA,NA,NA,NA,NA,NA,NA,NA,NA,NA,NA,NA,NA NA,NA NA,NA NA NA NA NA NA NA NA,https://twitter.com/miket136/status/1044728961496887296,Michael Thomlinson,Bragg Creek / AB Foothills,"Husband, Father, Geologist; Alberta Strong, #PlayOutside. ALIENATED WESTERNER",https://t.co/YiPaihRF68,FALSE,1171,999,4,3337,1200,2011-09-09T00:33:26Z,FALSE,https://t.co/YiPaihRF68,http://www.linkedin.com/pub/mike-thomlinson-p-geol/35/a1b/546,en,https://pbs.twimg.com/profile_banners/370422357/1506284560,http://abs.twimg.com/images/themes/theme1/bg.png,http://pbs.twimg.com/profile_images/911929042219053056/NPnotTyL_normal.jpg
x917828058526052352,x1044341849584877568,2018-09-24T21:44:34Z,BobMakenzie1,"The bribery of First Nations by Foreign Companies must be called out, published &amp; put to an end. Allan Adam FN Chief should be prosecuted! #TransMountain #EnergyEast #NorthernGateway #TransMountainPipeline #cdnpoli #ableg #abpoli #bcpoli #qcpoli #onpoli #UCP #CPC #abndp #HoC #QP https://t.co/7XZTM9aH0S",Twitter for iPhone,283,NA,NA,NA,TRUE,FALSE,5,4,TransMountain EnergyEast NorthernGateway TransMountainPipeline cdnpoli ableg abpoli bcpoli qcpoli onpoli UCP CPC abndp HoC QP,NA,twitter.com/BobMakenzie1/s‚Ä¶,https://t.co/7XZTM9aH0S,https://twitter.com/BobMakenzie1/status/1044340882676244480,NA,NA,NA,NA,NA,NA,NA,NA,NA,NA,en,x1044340882676244480,"The money was paid to a numbered company, 850450 Alberta Ltd. Only a search of Alberta‚Äôs corporate registry revealed that 850450 Alberta Ltd. was owned by another company, called Acden Group Ltd., that had changed its name twice in the past four years.  https://t.co/qqd5CNxiHE",2018-09-24T21:40:44Z,Twitter for iPhone,2,4,x917828058526052352,BobMakenzie1,MR. Bob Makenzie,1410,1367,32687,NA,Canada. Freedom isn't free. üá®üá¶üá∫üá∏üá¨üáßüá¶üá∫ üáØüáµüáµüá±üá≥üá±,FALSE,NA,NA,NA,NA,NA,NA,NA,NA,NA,NA,NA,NA,NA,NA,NA,NA,NA,NA,NA,NA,NA,NA NA,NA NA,NA NA NA NA NA NA NA NA,https://twitter.com/BobMakenzie1/status/1044341849584877568,MR. Bob Makenzie,NA,Canada. Freedom isn't free. üá®üá¶üá∫üá∏üá¨üáßüá¶üá∫ üáØüáµüáµüá±üá≥üá±,NA,FALSE,1410,1367,4,32687,27971,2017-10-10T19:03:56Z,FALSE,NA,NA,en,https://pbs.twimg.com/profile_banners/917828058526052352/1533092678,NA,http://pbs.twimg.com/profile_images/917830538785808384/B842zMtS_normal.jpg
x917828058526052352,x1043372412908130305,2018-09-22T05:32:22Z,BobMakenzie1,@PierrePoilievre @pl25240 #TrudeauMustGo #TransMountain #EnergyEast #NorthernGateway https://t.co/3v5uMjtWOE,Twitter for iPhone,58,x1043120565207195648,x242827267,PierrePoilievre,FALSE,FALSE,1,0,TrudeauMustGo TransMountain EnergyEast NorthernGateway,NA,NA,NA,NA,http://pbs.twimg.com/media/DnrNrFKUUAAFlKY.jpg,https://t.co/3v5uMjtWOE,https://twitter.com/BobMakenzie1/status/1043372412908130305/photo/1,photo,http://pbs.twimg.com/media/DnrNrFKUUAAFlKY.jpg,https://t.co/3v5uMjtWOE,https://twitter.com/BobMakenzie1/status/1043372412908130305/photo/1,NA,x242827267 x716239012977975296,PierrePoilievre pl25240,und,NA,NA,NA,NA,NA,NA,NA,NA,NA,NA,NA,NA,NA,NA,NA,NA,NA,NA,NA,NA,NA,NA,NA,NA,NA,NA,NA,NA,NA,NA,NA,NA,NA,NA,NA,NA,NA NA,NA NA,NA NA NA NA NA NA NA NA,https://twitter.com/BobMakenzie1/status/1043372412908130305,MR. Bob Makenzie,NA,Canada. Freedom isn't free. üá®üá¶üá∫üá∏üá¨üáßüá¶üá∫ üáØüáµüáµüá±üá≥üá±,NA,FALSE,1410,1367,4,32687,27971,2017-10-10T19:03:56Z,FALSE,NA,NA,en,https://pbs.twimg.com/profile_banners/917828058526052352/1533092678,NA,http://pbs.twimg.com/profile_images/917830538785808384/B842zMtS_normal.jpg
x1154709402,x1044320362274725888,2018-09-24T20:19:11Z,robotsmakesushi,"#weakAndy doesn't know the #NorthernGateway and #EnergyEast pipeline were dead before the election. 

#AndyTheTemp #cdnpoli #CPC_HQ #ScheerNonsense",Twitter for Android,147,NA,NA,NA,FALSE,FALSE,0,0,weakAndy NorthernGateway EnergyEast AndyTheTemp cdnpoli CPC_HQ ScheerNonsense,NA,NA,NA,NA,NA,NA,NA,NA,NA,NA,NA,NA,NA,NA,en,NA,NA,NA,NA,NA,NA,NA,NA,NA,NA,NA,NA,NA,NA,NA,NA,NA,NA,NA,NA,NA,NA,NA,NA,NA,NA,NA,NA,NA,NA,NA,NA,NA,NA,NA,NA,NA NA,NA NA,NA NA NA NA NA NA NA NA,https://twitter.com/robotsmakesushi/status/1044320362274725888,robotsmakesushi,NA,Earther.,NA,FALSE,519,247,128,38918,83026,2013-02-06T18:18:46Z,FALSE,NA,NA,en,https://pbs.twimg.com/profile_banners/1154709402/1360524664,http://abs.twimg.com/images/themes/theme1/bg.png,http://pbs.twimg.com/profile_images/3235629161/306e6fc4f52443725544d5ebb3430d45_normal.jpeg
x2424130104,x1044248845545177088,2018-09-24T15:35:00Z,SalishSeaFuture,"As I pointed out in a series of Tweets in August 2014, the #TransMountain EA Panel's Terms of Reference, unlike those for #NorthernGateway, did not include marine transportation as part of the project definition. This is what the Federal Court of Appeal found to be a fatal flaw. https://t.co/6SrJjSzQap",Twitter Web Client,279,NA,NA,NA,TRUE,FALSE,2,0,TransMountain NorthernGateway,NA,twitter.com/squamishchief/‚Ä¶,https://t.co/6SrJjSzQap,https://twitter.com/squamishchief/status/1043968269940654080,NA,NA,NA,NA,NA,NA,NA,NA,NA,NA,en,x1043968269940654080,"OPINION: 
Les Leyne: Orca confusion is likely to get deeper

""So the idea that the NEB didn‚Äôt consider marine shipping is baffling. It devoted an entire chapter to it. It... https://t.co/nZPXK9ZIX3",2018-09-23T21:00:06Z,Facebook,1,1,x25571420,squamishchief,Squamish Chief,5543,3019,14047,"Squamish, BC","Squamish's award-winning newspaper, in print every week and online all the time. Follow reporters @hyritchie, @S_chua and editor  @thuncher for the latest",FALSE,NA,NA,NA,NA,NA,NA,NA,NA,NA,NA,NA,NA,NA,NA,NA,NA,NA,NA,NA,NA,NA,NA NA,NA NA,NA NA NA NA NA NA NA NA,https://twitter.com/SalishSeaFuture/status/1044248845545177088,Gerald Graham,"Victoria, British Columbia","Ph. D., Graduate Institute, Geneva. Consultant to The World Bank, OECD, UNESCO, FAO, EU, GTZ, Environment Canada, CIDA, DFO, TC, Global Affairs Canada and INAC.",https://t.co/qblLuQUvNn,FALSE,583,1437,19,14274,5925,2014-04-02T17:37:46Z,FALSE,https://t.co/qblLuQUvNn,https://sites.google.com/site/worldoceanconsulting/,en,NA,http://abs.twimg.com/images/themes/theme1/bg.png,http://pbs.twimg.com/profile_images/701097683952373760/CNT0rFAD_normal.jpg
x882334811641323521,x1043510470014119936,2018-09-22T14:40:58Z,SPBCathTeacher,@theJagmeetSingh Canada need #EnergyEast and #TransMountain Pipelines not #Keystone &amp; #NorthernGateway. Oil needs to stop moving by rail and we need to stop selling it to the US at a $40/barrel discount. Wake up and smell the coffee Jagmeet! #NDP #abndp,Twitter Web Client,240,x1043216205878898694,x253340075,theJagmeetSingh,FALSE,FALSE,1,0,EnergyEast TransMountain Keystone NorthernGateway NDP abndp,NA,NA,NA,NA,NA,NA,NA,NA,NA,NA,NA,NA,x253340075,theJagmeetSingh,en,NA,NA,NA,NA,NA,NA,NA,NA,NA,NA,NA,NA,NA,NA,NA,NA,NA,NA,NA,NA,NA,NA,NA,NA,NA,NA,NA,NA,NA,NA,NA,NA,NA,NA,NA,NA,NA NA,NA NA,NA NA NA NA NA NA NA NA,https://twitter.com/SPBCathTeacher/status/1043510470014119936,James,"Toronto, Ontario",I am a retired Teacher formerly with the Toronto Catholic District School Board.,NA,FALSE,244,952,2,2567,2608,2017-07-04T20:26:26Z,FALSE,NA,NA,en,https://pbs.twimg.com/profile_banners/882334811641323521/1502033053,http://abs.twimg.com/images/themes/theme1/bg.png,http://pbs.twimg.com/profile_images/882354695817252864/pcncYgi5_normal.jpg
x262023638,x1043376240835448832,2018-09-22T05:47:35Z,CloneofReality,"#KinderMorgan #TransMountain #NorthernGateway
Canada faces a hostile US trade situation. Kinder Morgan expansion and the axed Northern Gateway could have been a big employer, taxpayer, national unity promter....but NO?! WTF is wrong with you people? Never used fossil fuels have u",Twitter Web Client,280,NA,NA,NA,FALSE,FALSE,1,1,KinderMorgan TransMountain NorthernGateway,NA,NA,NA,NA,NA,NA,NA,NA,NA,NA,NA,NA,NA,NA,en,NA,NA,NA,NA,NA,NA,NA,NA,NA,NA,NA,NA,NA,NA,NA,NA,NA,NA,NA,NA,NA,NA,NA,NA,NA,NA,NA,NA,NA,NA,NA,NA,NA,NA,NA,NA,NA NA,NA NA,NA NA NA NA NA NA NA NA,https://twitter.com/CloneofReality/status/1043376240835448832,John Kirkby,"BC, Canada",Ex-factory worker. Hope to do something I actually like in my last years of work. I have no problem with World-Wide Free Trade and such.,https://t.co/GZctVqf8WU,FALSE,103,44,44,8906,2258,2011-03-07T05:21:06Z,FALSE,https://t.co/GZctVqf8WU,https://vimeo.com/user4928175/videos,en,https://pbs.twimg.com/profile_banners/262023638/1410383402,http://abs.twimg.com/images/themes/theme1/bg.png,http://pbs.twimg.com/profile_images/623548810019516416/v9H7bbq7_normal.jpg
x807787995940036608,x1043293291356217344,2018-09-22T00:17:58Z,JaroGiesbrecht,"@PattyOLimerick @SohiAmarjeet @stephenharper You mean the part where the #Conservatives
failed at producing a workable plan for a #SocialLicense, on the environment &amp; on consultatation of #Indigenous peoples,‚ùå they failed on #NorthernGateWay before the liberals even came to office‚ùå

#Abpoli
#Ableg
#Alberta
#Cdnpoli https://t.co/aAo7KGNEtc",Twitter for Android,275,x1043278788249837570,x1427757265,PattyOLimerick,FALSE,FALSE,2,2,Conservatives SocialLicense Indigenous NorthernGateWay Abpoli Ableg Alberta Cdnpoli,NA,NA,NA,NA,http://pbs.twimg.com/media/DnqFq36V4AAfiCu.jpg,https://t.co/aAo7KGNEtc,https://twitter.com/JaroGiesbrecht/status/1043293291356217344/photo/1,photo,http://pbs.twimg.com/media/DnqFq36V4AAfiCu.jpg http://pbs.twimg.com/media/DnqFsBiVAAAcqXY.jpg http://pbs.twimg.com/media/DnqFs8VUwAAWgCo.jpg http://pbs.twimg.com/media/DnqFtn_UwAAWEfS.jpg,https://t.co/aAo7KGNEtc https://t.co/aAo7KGNEtc https://t.co/aAo7KGNEtc https://t.co/aAo7KGNEtc,https://twitter.com/JaroGiesbrecht/status/1043293291356217344/photo/1 https://twitter.com/JaroGiesbrecht/status/1043293291356217344/photo/1 https://twitter.com/JaroGiesbrecht/status/1043293291356217344/photo/1 https://twitter.com/JaroGiesbrecht/status/1043293291356217344/photo/1,NA,x1427757265 x172407835 x7401202,PattyOLimerick SohiAmarjeet stephenharper,en,NA,NA,NA,NA,NA,NA,NA,NA,NA,NA,NA,NA,NA,NA,NA,NA,NA,NA,NA,NA,NA,NA,NA,NA,NA,NA,NA,NA,NA,NA,NA,NA,NA,NA,NA,NA,NA NA,NA NA,NA NA NA NA NA NA NA NA,https://twitter.com/JaroGiesbrecht/status/1043293291356217344,Jaro Giesbrechtüá®üá¶,"Calgary, Alberta","‚ôûMember of #LPC‚ô¶My own personal views on #Geopoli, #Cdnpoli, #Oil, #ABpoli & #Economics‚ô¶üá®üá¶#Centrist‚ôû",NA,FALSE,1397,1399,9,15638,4956,2016-12-11T03:24:01Z,FALSE,NA,NA,en,https://pbs.twimg.com/profile_banners/807787995940036608/1535653635,http://abs.twimg.com/images/themes/theme1/bg.png,http://pbs.twimg.com/profile_images/1031804594546860032/W6dIPubt_normal.jpg
x635207814,x1043200863718662144,2018-09-21T18:10:42Z,nikkiskuce,@CTVNews Never heard of it?! Come to northwest B.C. Lots of opposition along this similar #NorthernGateway route to Eagle Spirit as well. No tar sands crossing our #salmon watersheds nor tankers wanted on our coast.,Twitter Web Client,206,x1043200140444672000,x203123011,CTVNews,FALSE,FALSE,1,0,NorthernGateway salmon,NA,NA,NA,NA,NA,NA,NA,NA,NA,NA,NA,NA,x203123011,CTVNews,en,NA,NA,NA,NA,NA,NA,NA,NA,NA,NA,NA,NA,NA,NA,NA,NA,NA,NA,NA,NA,NA,NA,NA,NA,NA,NA,NA,NA,NA,NA,NA,NA,NA,NA,NA,NA,NA NA,NA NA,NA NA NA NA NA NA NA NA,https://twitter.com/nikkiskuce/status/1043200863718662144,Nikki Skuce,Smithers,Activist. Northerner. Madre.,NA,FALSE,767,849,36,4744,2984,2012-07-14T05:12:41Z,FALSE,NA,NA,en,https://pbs.twimg.com/profile_banners/635207814/1472680650,http://abs.twimg.com/images/themes/theme1/bg.png,http://pbs.twimg.com/profile_images/664175900938760192/yIdjAI1w_normal.jpg
x770841666131374080,x1042534784986050560,2018-09-19T22:03:56Z,BCvanguards,"@npescod Agreed.  

Canadian oil is also landlocked and discounted due to restricted access to global markets outside of the US.  

More reason to build #TMX #EnergyEast and #NorthernGateway",Twitter Web Client,181,x1042533834368020480,x268500600,npescod,FALSE,FALSE,0,0,TMX EnergyEast NorthernGateway,NA,NA,NA,NA,NA,NA,NA,NA,NA,NA,NA,NA,x268500600,npescod,en,NA,NA,NA,NA,NA,NA,NA,NA,NA,NA,NA,NA,NA,NA,NA,NA,NA,NA,NA,NA,NA,NA,NA,NA,NA,NA,NA,NA,NA,NA,NA,NA,NA,NA,NA,NA,NA NA,NA NA,NA NA NA NA NA NA NA NA,https://twitter.com/BCvanguards/status/1042534784986050560,BCvanguard,NA,NA,NA,FALSE,348,377,13,9573,3495,2016-08-31T04:32:29Z,FALSE,NA,NA,en,https://pbs.twimg.com/profile_banners/770841666131374080/1520963278,NA,http://pbs.twimg.com/profile_images/973624486502084608/U4sEx_-E_normal.jpg
x608835608,x1042505912097812486,2018-09-19T20:09:12Z,joan_rollins,@VanStreetDog @CityofBurnaby @JustinTrudeau @CampCloud China gets MOST of its oil from #Siberian pipelines. Never mentioned by the #BCLibs trying to ram the #NorthernGateway thro; but was in my Intervenor statement to #NEB Jan 2012 in Vict. Alas I ran out of time allowed!,Twitter Web Client,217,x1042501372694810625,x468732172,VanStreetDog,FALSE,FALSE,0,1,Siberian BCLibs NorthernGateway NEB,NA,NA,NA,NA,NA,NA,NA,NA,NA,NA,NA,NA,x468732172 x518900540 x14260960 x201850348,VanStreetDog CityofBurnaby JustinTrudeau CampCloud,en,NA,NA,NA,NA,NA,NA,NA,NA,NA,NA,NA,NA,NA,NA,NA,NA,NA,NA,NA,NA,NA,NA,NA,NA,NA,NA,NA,NA,NA,NA,NA,NA,NA,NA,NA,NA,NA NA,NA NA,NA NA NA NA NA NA NA NA,https://twitter.com/joan_rollins/status/1042505912097812486,Joan Rollins,NW Pacific 'Lotus-Land',Journo 1980s~E.Afrüåç üáπüáøüá∞üá™ Bushkid~where my  üíñremains~Battling #Poachers #BloodIvoryüêò#TrophyKillers~Will call BS & raise you~Political+ farming background,NA,FALSE,1442,1283,166,62868,17309,2012-06-15T06:33:00Z,FALSE,NA,NA,en,https://pbs.twimg.com/profile_banners/608835608/1538246245,http://abs.twimg.com/images/themes/theme1/bg.png,http://pbs.twimg.com/profile_images/1042251034851082240/ySuuygvz_normal.jpg
